UID1	UID1
UID2	UID2
UID3	UID3
UID4	UID3
UID5	UID4
UID6	UID5
UID7	UID5
UID8	UID5
UID9	UID5
UID10	UID5
UID11	UID5
UID12	UID5
UID13	UID5
UID14	UID5
UID15	UID5
UID16	UID5
UID17	UID5
UID18	UID5
UID19	UID5
UID20	UID5
UID21	UID4
UID22	UID4
UID23	UID4
UID24	UID4
UID25	UID4
UID26	UID4
UID27	UID4
UID28	UID4
UID29	UID4
UID30	UID4
UID31	UID4
UID32	UID4
UID33	UID4
UID34	UID4
UID35	UID4
UID36	UID3
UID37	UID3
UID38	UID3
UID39	UID3
UID40	UID3
UID41	UID3
UID42	UID3
UID43	UID3
UID44	UID3
UID45	UID3
UID46	UID3
UID47	UID3
UID48	UID3
UID49	UID49
UID50	UID49
UID51	UID49
UID52	UID49
UID53	UID49
UID54	UID49
UID55	UID49
UID56	UID49
UID57	UID49
UID58	UID49
UID59	UID49
UID60	UID49
UID61	UID49
UID62	UID49
UID63	UID49
UID64	UID49
UID65	UID49
UID66	UID49
UID67	UID49
UID68	UID49
UID69	UID49
UID70	UID49
UID71	UID49
UID72	UID49
UID73	UID54
UID74	UID54
UID75	UID54
UID76	UID54
UID77	UID54
UID78	UID54
UID79	UID54
UID80	UID54
UID81	UID54
UID82	UID54
UID83	UID54
UID84	UID84
UID85	UID85
UID86	UID85
UID87	UID85
UID88	UID85
UID89	UID85
UID90	UID85
UID91	UID85
UID92	UID85
UID93	UID85
UID94	UID85
UID95	UID85
UID96	UID85
UID97	UID85
UID98	UID85
UID99	UID85
UID100	UID96
UID101	UID96
UID102	UID96
UID103	UID96
UID104	UID96
UID105	UID96
UID106	UID96
UID107	UID96
UID108	UID96
UID109	UID96
UID110	UID96
UID111	UID96
UID112	UID96
UID113	UID96
UID114	UID96
UID115	UID96
UID116	UID96
UID117	UID96
UID118	UID96
UID119	UID96
UID120	UID96
UID121	UID96
UID122	UID96
UID123	UID96
UID124	UID96
UID125	UID96
UID126	UID96
UID127	UID96
UID128	UID96
UID129	UID96
UID130	UID96
UID131	UID96
UID132	UID84
UID133	UID84
UID134	UID84
UID135	UID84
UID136	UID84
UID137	UID84
UID138	UID84
UID139	UID3
UID140	UID3
UID141	UID3
UID142	UID3
UID143	UID3
UID144	UID3
UID145	UID3
UID146	UID2
UID147	UID146
UID148	UID147
UID149	UID147
UID150	UID147
UID151	UID147
UID152	UID147
UID153	UID147
UID154	UID147
UID155	UID147
UID156	UID147
UID157	UID147
UID158	UID147
UID159	UID147
UID160	UID147
UID161	UID147
UID162	UID147
UID163	UID147
UID164	UID147
UID165	UID147
UID166	UID147
UID167	UID148
UID168	UID148
UID169	UID148
UID170	UID148
UID171	UID148
UID172	UID148
UID173	UID148
UID174	UID148
UID175	UID148
UID176	UID148
UID177	UID148
UID178	UID148
UID179	UID148
UID180	UID148
UID181	UID148
UID182	UID148
UID183	UID148
UID184	UID148
UID185	UID148
UID186	UID148
UID187	UID146
UID188	UID146
UID189	UID146
UID190	UID146
UID191	UID146
UID192	UID146
UID193	UID146
UID194	UID146
UID195	UID146
UID196	UID146
UID197	UID146
UID198	UID146
UID199	UID2
UID200	UID2
UID201	UID2
UID202	UID2
UID203	UID203
UID204	UID203
UID205	UID203
UID206	UID203
UID207	UID203
UID208	UID203
UID209	UID209
UID210	UID209
UID211	UID209
UID212	UID209
UID213	UID209
UID214	UID209
UID215	UID209
UID216	UID209
UID217	UID209
UID218	UID209
UID219	UID209
UID220	UID209
UID221	UID209
UID222	UID209
UID223	UID209
UID224	UID209
UID225	UID209
UID226	UID209
UID227	UID209
UID228	UID209
UID229	UID209
UID230	UID209
UID231	UID209
UID232	UID209
UID233	UID209
UID234	UID209
UID235	UID209
UID236	UID209
UID237	UID237
UID238	UID238
UID239	UID239
UID240	UID240
UID241	UID240
UID242	UID241
UID243	UID242
UID244	UID242
UID245	UID242
UID246	UID242
UID247	UID242
UID248	UID242
UID249	UID242
UID250	UID242
UID251	UID242
UID252	UID242
UID253	UID242
UID254	UID242
UID255	UID242
UID256	UID242
UID257	UID242
UID258	UID257
UID259	UID259
UID260	UID259
UID261	UID259
UID262	UID259
UID263	UID259
UID264	UID259
UID265	UID259
UID266	UID259
UID267	UID259
UID268	UID259
UID269	UID259
UID270	UID257
UID271	UID256
UID272	UID256
UID273	UID256
UID274	UID256
UID275	UID256
UID276	UID256
UID277	UID256
UID278	UID256
UID279	UID256
UID280	UID256
UID281	UID256
UID282	UID256
UID283	UID256
UID284	UID253
UID285	UID285
UID286	UID285
UID287	UID285
UID288	UID285
UID289	UID285
UID290	UID285
UID291	UID285
UID292	UID285
UID293	UID285
UID294	UID285
UID295	UID285
UID296	UID285
UID297	UID285
UID298	UID285
UID299	UID285
UID300	UID298
UID301	UID294
UID302	UID294
UID303	UID294
UID304	UID294
UID305	UID294
UID306	UID294
UID307	UID294
UID308	UID294
UID309	UID294
UID310	UID294
UID311	UID294
UID312	UID294
UID313	UID294
UID314	UID294
UID315	UID294
UID316	UID294
UID317	UID294
UID318	UID294
UID319	UID294
UID320	UID294
UID321	UID294
UID322	UID294
UID323	UID294
UID324	UID301
UID325	UID301
UID326	UID301
UID327	UID301
UID328	UID301
UID329	UID301
UID330	UID301
UID331	UID301
UID332	UID301
UID333	UID301
UID334	UID301
UID335	UID301
UID336	UID301
UID337	UID301
UID338	UID301
UID339	UID301
UID340	UID301
UID341	UID301
UID342	UID294
UID343	UID298
UID344	UID298
UID345	UID298
UID346	UID298
UID347	UID298
UID348	UID285
UID349	UID285
UID350	UID285
UID351	UID285
UID352	UID285
UID353	UID285
UID354	UID285
UID355	UID285
UID356	UID355
UID357	UID355
UID358	UID355
UID359	UID355
UID360	UID355
UID361	UID355
UID362	UID355
UID363	UID355
UID364	UID355
UID365	UID355
UID366	UID355
UID367	UID355
UID368	UID355
UID369	UID355
UID370	UID355
UID371	UID355
UID372	UID355
UID373	UID355
UID374	UID285
UID375	UID355
UID376	UID355
UID377	UID355
UID378	UID374
UID379	UID374
UID380	UID380
UID381	UID380
UID382	UID380
UID383	UID381
UID384	UID381
UID385	UID381
UID386	UID381
UID387	UID381
UID388	UID381
UID389	UID381
UID390	UID381
UID391	UID381
UID392	UID381
UID393	UID381
UID394	UID381
UID395	UID381
UID396	UID381
UID397	UID380
UID398	UID380
UID399	UID380
UID400	UID380
UID401	UID380
UID402	UID380
UID403	UID380
UID404	UID380
UID405	UID380
UID406	UID380
UID407	UID380
UID408	UID380
UID409	UID380
UID410	UID377
UID411	UID377
UID412	UID377
UID413	UID377
UID414	UID377
UID415	UID377
UID416	UID377
UID417	UID377
UID418	UID377
UID419	UID377
UID420	UID377
UID421	UID377
UID422	UID377
UID423	UID377
UID424	UID377
UID425	UID377
UID426	UID377
UID427	UID377
UID428	UID377
UID429	UID377
UID430	UID377
UID431	UID377
UID432	UID377
UID433	UID377
UID434	UID377
UID435	UID377
UID436	UID374
UID437	UID436
UID438	UID436
UID439	UID436
UID440	UID436
UID441	UID436
UID442	UID436
UID443	UID436
UID444	UID436
UID445	UID436
UID446	UID436
UID447	UID436
UID448	UID436
UID449	UID436
UID450	UID436
UID451	UID436
UID452	UID436
UID453	UID436
UID454	UID436
UID455	UID436
UID456	UID436
UID457	UID436
UID458	UID436
UID459	UID436
UID460	UID436
UID461	UID436
UID462	UID374
UID463	UID374
UID464	UID355
UID465	UID355
UID466	UID355
UID467	UID355
UID468	UID355
UID469	UID355
UID470	UID355
UID471	UID355
UID472	UID355
UID473	UID355
UID474	UID355
UID475	UID355
UID476	UID355
UID477	UID355
UID478	UID355
UID479	UID355
UID480	UID375
UID481	UID375
UID482	UID375
UID483	UID375
UID484	UID375
UID485	UID375
UID486	UID374
UID487	UID374
UID488	UID374
UID489	UID374
UID490	UID374
UID491	UID374
UID492	UID374
UID493	UID486
UID494	UID486
UID495	UID486
UID496	UID486
UID497	UID486
UID498	UID486
UID499	UID486
UID500	UID486
UID501	UID374
UID502	UID374
UID503	UID374
UID504	UID374
UID505	UID374
UID506	UID374
UID507	UID374
UID508	UID374
UID509	UID374
UID510	UID374
UID511	UID374
UID512	UID462
UID513	UID463
UID514	UID463
UID515	UID463
UID516	UID463
UID517	UID463
UID518	UID463
UID519	UID463
UID520	UID463
UID521	UID463
UID522	UID463
UID523	UID463
UID524	UID463
UID525	UID463
UID526	UID463
UID527	UID463
UID528	UID462
UID529	UID462
UID530	UID462
UID531	UID462
UID532	UID462
UID533	UID462
UID534	UID374
UID535	UID374
UID536	UID374
UID537	UID374
UID538	UID374
UID539	UID374
UID540	UID374
UID541	UID374
UID542	UID374
UID543	UID285
UID544	UID284
UID545	UID543
UID546	UID543
UID547	UID543
UID548	UID543
UID549	UID543
UID550	UID543
UID551	UID543
UID552	UID543
UID553	UID543
UID554	UID543
UID555	UID543
UID556	UID543
UID557	UID543
UID558	UID543
UID559	UID544
UID560	UID559
UID561	UID544
UID562	UID544
UID563	UID544
UID564	UID544
UID565	UID561
UID566	UID561
UID567	UID561
UID568	UID561
UID569	UID561
UID570	UID561
UID571	UID561
UID572	UID561
UID573	UID561
UID574	UID561
UID575	UID561
UID576	UID561
UID577	UID561
UID578	UID561
UID579	UID561
UID580	UID561
UID581	UID561
UID582	UID561
UID583	UID576
UID584	UID576
UID585	UID576
UID586	UID576
UID587	UID576
UID588	UID576
UID589	UID576
UID590	UID576
UID591	UID576
UID592	UID576
UID593	UID576
UID594	UID576
UID595	UID576
UID596	UID576
UID597	UID576
UID598	UID576
UID599	UID576
UID600	UID576
UID601	UID576
UID602	UID576
UID603	UID576
UID604	UID576
UID605	UID576
UID606	UID576
UID607	UID576
UID608	UID576
UID609	UID584
UID610	UID584
UID611	UID584
UID612	UID584
UID613	UID584
UID614	UID584
UID615	UID584
UID616	UID584
UID617	UID584
UID618	UID584
UID619	UID584
UID620	UID576
UID621	UID576
UID622	UID576
UID623	UID576
UID624	UID576
UID625	UID576
UID626	UID576
UID627	UID576
UID628	UID576
UID629	UID576
UID630	UID576
UID631	UID576
UID632	UID576
UID633	UID576
UID634	UID544
UID635	UID544
UID636	UID544
UID637	UID544
UID638	UID544
UID639	UID544
UID640	UID544
UID641	UID544
UID642	UID544
UID643	UID544
UID644	UID544
UID645	UID544
UID646	UID559
UID647	UID559
UID648	UID559
UID649	UID559
UID650	UID559
UID651	UID559
UID652	UID559
UID653	UID544
UID654	UID544
UID655	UID544
UID656	UID544
UID657	UID544
UID658	UID544
UID659	UID544
UID660	UID544
UID661	UID544
UID662	UID544
UID663	UID544
UID664	UID544
UID665	UID544
UID666	UID544
UID667	UID544
UID668	UID544
UID669	UID544
UID670	UID544
UID671	UID544
UID672	UID544
UID673	UID544
UID674	UID544
UID675	UID544
UID676	UID544
UID677	UID544
UID678	UID544
UID679	UID544
UID680	UID544
UID681	UID544
UID682	UID544
UID683	UID544
UID684	UID544
UID685	UID544
UID686	UID684
UID687	UID684
UID688	UID684
UID689	UID684
UID690	UID684
UID691	UID684
UID692	UID684
UID693	UID684
UID694	UID684
UID695	UID684
UID696	UID544
UID697	UID544
UID698	UID544
UID699	UID544
UID700	UID544
UID701	UID544
UID702	UID544
UID703	UID544
UID704	UID544
UID705	UID544
UID706	UID544
UID707	UID544
UID708	UID544
UID709	UID544
UID710	UID544
UID711	UID543
UID712	UID543
UID713	UID543
UID714	UID543
UID715	UID543
UID716	UID543
UID717	UID543
UID718	UID543
UID719	UID543
UID720	UID543
UID721	UID543
UID722	UID543
UID723	UID543
UID724	UID543
UID725	UID543
UID726	UID543
UID727	UID545
UID728	UID545
UID729	UID545
UID730	UID545
UID731	UID722
UID732	UID722
UID733	UID722
UID734	UID722
UID735	UID722
UID736	UID722
UID737	UID722
UID738	UID722
UID739	UID722
UID740	UID722
UID741	UID722
UID742	UID722
UID743	UID722
UID744	UID722
UID745	UID722
UID746	UID545
UID747	UID545
UID748	UID545
UID749	UID545
UID750	UID544
UID751	UID544
UID752	UID545
UID753	UID545
UID754	UID545
UID755	UID545
UID756	UID545
UID757	UID545
UID758	UID545
UID759	UID545
UID760	UID545
UID761	UID545
UID762	UID545
UID763	UID545
UID764	UID545
UID765	UID545
UID766	UID545
UID767	UID544
UID768	UID284
UID769	UID284
UID770	UID284
UID771	UID284
UID772	UID544
UID773	UID544
UID774	UID544
UID775	UID544
UID776	UID544
UID777	UID544
UID778	UID544
UID779	UID544
UID780	UID544
UID781	UID544
UID782	UID544
UID783	UID544
UID784	UID544
UID785	UID544
UID786	UID544
UID787	UID544
UID788	UID544
UID789	UID544
UID790	UID544
UID791	UID544
UID792	UID544
UID793	UID544
UID794	UID544
UID795	UID544
UID796	UID544
UID797	UID544
UID798	UID544
UID799	UID544
UID800	UID544
UID801	UID544
UID802	UID544
UID803	UID544
UID804	UID544
UID805	UID544
UID806	UID544
UID807	UID544
UID808	UID544
UID809	UID285
UID810	UID285
UID811	UID285
UID812	UID285
UID813	UID285
UID814	UID285
UID815	UID354
UID816	UID354
UID817	UID354
UID818	UID354
UID819	UID354
UID820	UID354
UID821	UID354
UID822	UID354
UID823	UID354
UID824	UID354
UID825	UID354
UID826	UID354
UID827	UID354
UID828	UID259
UID829	UID828
UID830	UID829
UID831	UID829
UID832	UID829
UID833	UID829
UID834	UID829
UID835	UID829
UID836	UID829
UID837	UID829
UID838	UID829
UID839	UID830
UID840	UID830
UID841	UID830
UID842	UID830
UID843	UID830
UID844	UID830
UID845	UID830
UID846	UID830
UID847	UID830
UID848	UID830
UID849	UID830
UID850	UID830
UID851	UID830
UID852	UID830
UID853	UID830
UID854	UID830
UID855	UID830
UID856	UID829
UID857	UID829
UID858	UID829
UID859	UID829
UID860	UID829
UID861	UID829
UID862	UID829
UID863	UID829
UID864	UID856
UID865	UID864
UID866	UID864
UID867	UID864
UID868	UID864
UID869	UID864
UID870	UID864
UID871	UID864
UID872	UID864
UID873	UID864
UID874	UID864
UID875	UID865
UID876	UID865
UID877	UID865
UID878	UID865
UID879	UID865
UID880	UID865
UID881	UID865
UID882	UID865
UID883	UID865
UID884	UID865
UID885	UID865
UID886	UID865
UID887	UID865
UID888	UID865
UID889	UID865
UID890	UID865
UID891	UID865
UID892	UID865
UID893	UID865
UID894	UID865
UID895	UID865
UID896	UID828
UID897	UID828
UID898	UID828
UID899	UID828
UID900	UID828
UID901	UID828
UID902	UID902
UID903	UID902
UID904	UID902
UID905	UID902
UID906	UID902
UID907	UID902
UID908	UID902
UID909	UID901
UID910	UID901
UID911	UID901
UID912	UID901
UID913	UID901
UID914	UID901
UID915	UID901
UID916	UID901
UID917	UID901
UID918	UID901
UID919	UID901
UID920	UID901
UID921	UID901
UID922	UID901
UID923	UID901
UID924	UID902
UID925	UID902
UID926	UID902
UID927	UID902
UID928	UID902
UID929	UID902
UID930	UID902
UID931	UID902
UID932	UID902
UID933	UID902
UID934	UID902
UID935	UID902
UID936	UID902
UID937	UID902
UID938	UID902
UID939	UID902
UID940	UID902
UID941	UID902
UID942	UID828
UID943	UID828
UID944	UID828
UID945	UID828
UID946	UID828
UID947	UID828
UID948	UID828
UID949	UID259
UID950	UID259
UID951	UID259
UID952	UID259
UID953	UID259
UID954	UID259
UID955	UID259
UID956	UID259
UID957	UID259
UID958	UID259
UID959	UID257
UID960	UID257
UID961	UID257
UID962	UID257
UID963	UID257
UID964	UID257
UID965	UID257
UID966	UID257
UID967	UID257
UID968	UID257
UID969	UID257
UID970	UID242
UID971	UID971
UID972	UID971
UID973	UID971
UID974	UID971
UID975	UID971
UID976	UID971
UID977	UID971
UID978	UID971
UID979	UID971
UID980	UID971
UID981	UID971
UID982	UID971
UID983	UID971
UID984	UID972
UID985	UID972
UID986	UID972
UID987	UID972
UID988	UID972
UID989	UID972
UID990	UID973
UID991	UID973
UID992	UID973
UID993	UID973
UID994	UID973
UID995	UID973
UID996	UID973
UID997	UID973
UID998	UID973
UID999	UID973
UID1000	UID973
UID1001	UID973
UID1002	UID973
UID1003	UID972
UID1004	UID971
UID1005	UID971
UID1006	UID971
UID1007	UID971
UID1008	UID971
UID1009	UID971
UID1010	UID971
UID1011	UID971
UID1012	UID971
UID1013	UID971
UID1014	UID971
UID1015	UID971
UID1016	UID241
UID1017	UID241
UID1018	UID241
UID1019	UID241
UID1020	UID241
UID1021	UID241
UID1022	UID241
UID1023	UID241
UID1024	UID1022
UID1025	UID1024
UID1026	UID1024
UID1027	UID1024
UID1028	UID1024
UID1029	UID1024
UID1030	UID1024
UID1031	UID1024
UID1032	UID1022
UID1033	UID1022
UID1034	UID1022
UID1035	UID1022
UID1036	UID1022
UID1037	UID1022
UID1038	UID1032
UID1039	UID1033
UID1040	UID1033
UID1041	UID1033
UID1042	UID1033
UID1043	UID1033
UID1044	UID1033
UID1045	UID1033
UID1046	UID1033
UID1047	UID1033
UID1048	UID1033
UID1049	UID1033
UID1050	UID1032
UID1051	UID1032
UID1052	UID1032
UID1053	UID1032
UID1054	UID1032
UID1055	UID1032
UID1056	UID1032
UID1057	UID1032
UID1058	UID1022
UID1059	UID1022
UID1060	UID1022
UID1061	UID1022
UID1062	UID1022
UID1063	UID1022
UID1064	UID1022
UID1065	UID1022
UID1066	UID1024
UID1067	UID1024
UID1068	UID1024
UID1069	UID1024
UID1070	UID1024
UID1071	UID1024
UID1072	UID1024
UID1073	UID1024
UID1074	UID1024
UID1075	UID1024
UID1076	UID1024
UID1077	UID1024
UID1078	UID1024
UID1079	UID1024
UID1080	UID1024
UID1081	UID1024
UID1082	UID1024
UID1083	UID1024
UID1084	UID1024
UID1085	UID1022
UID1086	UID1022
UID1087	UID1022
UID1088	UID1022
UID1089	UID1022
UID1090	UID1022
UID1091	UID1022
UID1092	UID1022
UID1093	UID1022
UID1094	UID1022
UID1095	UID1022
UID1096	UID1022
UID1097	UID1022
UID1098	UID1022
UID1099	UID1022
UID1100	UID1022
UID1101	UID1022
UID1102	UID1085
UID1103	UID1085
UID1104	UID1085
UID1105	UID1085
UID1106	UID1085
UID1107	UID1085
UID1108	UID1085
UID1109	UID1085
UID1110	UID1085
UID1111	UID1085
UID1112	UID1085
UID1113	UID1085
UID1114	UID1085
UID1115	UID1085
UID1116	UID1085
UID1117	UID240
UID1118	UID1118
UID1119	UID1118
UID1120	UID1120
UID1121	UID1120
UID1122	UID1120
UID1123	UID1120
UID1124	UID1120
UID1125	UID1120
UID1126	UID1120
UID1127	UID1120
UID1128	UID1120
UID1129	UID1120
UID1130	UID1120
UID1131	UID1120
UID1132	UID1120
UID1133	UID1120
UID1134	UID1120
UID1135	UID1125
UID1136	UID1125
UID1137	UID1125
UID1138	UID1125
UID1139	UID1125
UID1140	UID1125
UID1141	UID1125
UID1142	UID1125
UID1143	UID1125
UID1144	UID1125
UID1145	UID1125
UID1146	UID1125
UID1147	UID1120
UID1148	UID1120
UID1149	UID1120
UID1150	UID1120
UID1151	UID1120
UID1152	UID1120
UID1153	UID1120
UID1154	UID1120
UID1155	UID1120
UID1156	UID1120
UID1157	UID1120
UID1158	UID1120
UID1159	UID1120
UID1160	UID1159
UID1161	UID1160
UID1162	UID1160
UID1163	UID1163
UID1164	UID1163
UID1165	UID1163
UID1166	UID1163
UID1167	UID1163
UID1168	UID1163
UID1169	UID1168
UID1170	UID1168
UID1171	UID1168
UID1172	UID1169
UID1173	UID1169
UID1174	UID1169
UID1175	UID1169
UID1176	UID1169
UID1177	UID1169
UID1178	UID1169
UID1179	UID1169
UID1180	UID1169
UID1181	UID1169
UID1182	UID1169
UID1183	UID1169
UID1184	UID1169
UID1185	UID1169
UID1186	UID1169
UID1187	UID1169
UID1188	UID1169
UID1189	UID1169
UID1190	UID1169
UID1191	UID1169
UID1192	UID1168
UID1193	UID1168
UID1194	UID1168
UID1195	UID1168
UID1196	UID1168
UID1197	UID1163
UID1198	UID1159
UID1199	UID1159
UID1200	UID1159
UID1201	UID1159
UID1202	UID1120
UID1203	UID1120
UID1204	UID1120
UID1205	UID1120
UID1206	UID1120
UID1207	UID1120
UID1208	UID1120
UID1209	UID1120
UID1210	UID1120
UID1211	UID1120
UID1212	UID1120
UID1213	UID1120
UID1214	UID1120
UID1215	UID1120
UID1216	UID1212
UID1217	UID1212
UID1218	UID1212
UID1219	UID1212
UID1220	UID1212
UID1221	UID1212
UID1222	UID1212
UID1223	UID1212
UID1224	UID1212
UID1225	UID1212
UID1226	UID1212
UID1227	UID1212
UID1228	UID1212
UID1229	UID1212
UID1230	UID1212
UID1231	UID1212
UID1232	UID1212
UID1233	UID1212
UID1234	UID1212
UID1235	UID1212
UID1236	UID1212
UID1237	UID1212
UID1238	UID1212
UID1239	UID1212
UID1240	UID1212
UID1241	UID1212
UID1242	UID1212
UID1243	UID1212
UID1244	UID1212
UID1245	UID1212
UID1246	UID1212
UID1247	UID1212
UID1248	UID1212
UID1249	UID1212
UID1250	UID1212
UID1251	UID1212
UID1252	UID1212
UID1253	UID1212
UID1254	UID1226
UID1255	UID1226
UID1256	UID1226
UID1257	UID1226
UID1258	UID1226
UID1259	UID1226
UID1260	UID1226
UID1261	UID1226
UID1262	UID1226
UID1263	UID1226
UID1264	UID1226
UID1265	UID1226
UID1266	UID1226
UID1267	UID1226
UID1268	UID1256
UID1269	UID1256
UID1270	UID1256
UID1271	UID1256
UID1272	UID1256
UID1273	UID1256
UID1274	UID1256
UID1275	UID1256
UID1276	UID1256
UID1277	UID1256
UID1278	UID1256
UID1279	UID1256
UID1280	UID1256
UID1281	UID1256
UID1282	UID1256
UID1283	UID1226
UID1284	UID1226
UID1285	UID1226
UID1286	UID1255
UID1287	UID1255
UID1288	UID1286
UID1289	UID1286
UID1290	UID1286
UID1291	UID1286
UID1292	UID1286
UID1293	UID1286
UID1294	UID1286
UID1295	UID1286
UID1296	UID1295
UID1297	UID1295
UID1298	UID1295
UID1299	UID1295
UID1300	UID1295
UID1301	UID1295
UID1302	UID1295
UID1303	UID1295
UID1304	UID1295
UID1305	UID1295
UID1306	UID1295
UID1307	UID1295
UID1308	UID1295
UID1309	UID1295
UID1310	UID1297
UID1311	UID1297
UID1312	UID1297
UID1313	UID1297
UID1314	UID1297
UID1315	UID1297
UID1316	UID1297
UID1317	UID1297
UID1318	UID1297
UID1319	UID1297
UID1320	UID1297
UID1321	UID1295
UID1322	UID1295
UID1323	UID1295
UID1324	UID1295
UID1325	UID1295
UID1326	UID1286
UID1327	UID1255
UID1328	UID1286
UID1329	UID1286
UID1330	UID1286
UID1331	UID1286
UID1332	UID1286
UID1333	UID1286
UID1334	UID1286
UID1335	UID1286
UID1336	UID1286
UID1337	UID1286
UID1338	UID1286
UID1339	UID1286
UID1340	UID1286
UID1341	UID1286
UID1342	UID1226
UID1343	UID1226
UID1344	UID1226
UID1345	UID1226
UID1346	UID1226
UID1347	UID1226
UID1348	UID1342
UID1349	UID1342
UID1350	UID1342
UID1351	UID1342
UID1352	UID1342
UID1353	UID1342
UID1354	UID1342
UID1355	UID1226
UID1356	UID1226
UID1357	UID1226
UID1358	UID1226
UID1359	UID1226
UID1360	UID1226
UID1361	UID1226
UID1362	UID1226
UID1363	UID1226
UID1364	UID1226
UID1365	UID1226
UID1366	UID1226
UID1367	UID1226
UID1368	UID1226
UID1369	UID1212
UID1370	UID1212
UID1371	UID1212
UID1372	UID1212
UID1373	UID1212
UID1374	UID1118
UID1375	UID240
UID1376	UID240
UID1377	UID240
UID1378	UID240
UID1379	UID240
UID1380	UID1375
UID1381	UID1375
UID1382	UID1375
UID1383	UID1375
UID1384	UID1375
UID1385	UID1375
UID1386	UID1375
UID1387	UID1375
UID1388	UID1375
UID1389	UID1375
UID1390	UID1375
UID1391	UID1375
UID1392	UID1375
UID1393	UID1375
UID1394	UID1375
UID1395	UID1375
UID1396	UID1375
UID1397	UID1375
UID1398	UID1380
UID1399	UID1380
UID1400	UID1380
UID1401	UID1380
UID1402	UID1380
UID1403	UID1380
UID1404	UID1380
UID1405	UID1380
UID1406	UID1380
UID1407	UID1380
UID1408	UID1380
UID1409	UID1380
UID1410	UID1380
UID1411	UID1380
UID1412	UID1380
UID1413	UID1380
UID1414	UID1380
UID1415	UID1380
UID1416	UID1380
UID1417	UID1380
UID1418	UID1380
UID1419	UID1380
UID1420	UID1118
UID1421	UID1118
UID1422	UID1420
UID1423	UID1420
UID1424	UID1420
UID1425	UID1420
UID1426	UID1420
UID1427	UID1420
UID1428	UID1420
UID1429	UID1420
UID1430	UID1420
UID1431	UID1420
UID1432	UID1420
UID1433	UID1420
UID1434	UID1420
UID1435	UID1420
UID1436	UID1420
UID1437	UID1420
UID1438	UID1420
UID1439	UID1420
UID1440	UID1420
UID1441	UID1420
UID1442	UID1420
UID1443	UID1420
UID1444	UID1420
UID1445	UID1420
UID1446	UID1420
UID1447	UID239
UID1448	UID239
UID1449	UID239
UID1450	UID239
UID1451	UID239
UID1452	UID1452
UID1453	UID1452
UID1454	UID1453
UID1455	UID1453
UID1456	UID1453
UID1457	UID1454
UID1458	UID1458
UID1459	UID1458
UID1460	UID1458
UID1461	UID1458
UID1462	UID1458
UID1463	UID1458
UID1464	UID1458
UID1465	UID1458
UID1466	UID1458
UID1467	UID1458
UID1468	UID1458
UID1469	UID1458
UID1470	UID1458
UID1471	UID1458
UID1472	UID1458
UID1473	UID1458
UID1474	UID1458
UID1475	UID1458
UID1476	UID1458
UID1477	UID1460
UID1478	UID1458
UID1479	UID1458
UID1480	UID1458
UID1481	UID1458
UID1482	UID1458
UID1483	UID1458
UID1484	UID1458
UID1485	UID1458
UID1486	UID1458
UID1487	UID1462
UID1488	UID1462
UID1489	UID1462
UID1490	UID1462
UID1491	UID1462
UID1492	UID1462
UID1493	UID1462
UID1494	UID1462
UID1495	UID1462
UID1496	UID1462
UID1497	UID1462
UID1498	UID1462
UID1499	UID1462
UID1500	UID1462
UID1501	UID1462
UID1502	UID1462
UID1503	UID1462
UID1504	UID1462
UID1505	UID1462
UID1506	UID1462
UID1507	UID1462
UID1508	UID1462
UID1509	UID1462
UID1510	UID1462
UID1511	UID1460
UID1512	UID1460
UID1513	UID1460
UID1514	UID1460
UID1515	UID1460
UID1516	UID1460
UID1517	UID1460
UID1518	UID1460
UID1519	UID1460
UID1520	UID1460
UID1521	UID1460
UID1522	UID1458
UID1523	UID1458
UID1524	UID1458
UID1525	UID1458
UID1526	UID1458
UID1527	UID1458
UID1528	UID1458
UID1529	UID1458
UID1530	UID1454
UID1531	UID1454
UID1532	UID1454
UID1533	UID1454
UID1534	UID1454
UID1535	UID1454
UID1536	UID1454
UID1537	UID1454
UID1538	UID1531
UID1539	UID1531
UID1540	UID1531
UID1541	UID1531
UID1542	UID1531
UID1543	UID1531
UID1544	UID1531
UID1545	UID1531
UID1546	UID1531
UID1547	UID1531
UID1548	UID1531
UID1549	UID1531
UID1550	UID1531
UID1551	UID1531
UID1552	UID1531
UID1553	UID1531
UID1554	UID1531
UID1555	UID1531
UID1556	UID1531
UID1557	UID1531
UID1558	UID1531
UID1559	UID1531
UID1560	UID1531
UID1561	UID1531
UID1562	UID1531
UID1563	UID1531
UID1564	UID1531
UID1565	UID1531
UID1566	UID1531
UID1567	UID1531
UID1568	UID1531
UID1569	UID1531
UID1570	UID1531
UID1571	UID1531
UID1572	UID1572
UID1573	UID1572
UID1574	UID1572
UID1575	UID1572
UID1576	UID1572
UID1577	UID1572
UID1578	UID1572
UID1579	UID1572
UID1580	UID1572
UID1581	UID1572
UID1582	UID1572
UID1583	UID1572
UID1584	UID1572
UID1585	UID1572
UID1586	UID1572
UID1587	UID1572
UID1588	UID1572
UID1589	UID1572
UID1590	UID1572
UID1591	UID1572
UID1592	UID1572
UID1593	UID1572
UID1594	UID1572
UID1595	UID1572
UID1596	UID1572
UID1597	UID1572
UID1598	UID1593
UID1599	UID1593
UID1600	UID1593
UID1601	UID1593
UID1602	UID1593
UID1603	UID1593
UID1604	UID1593
UID1605	UID1593
UID1606	UID1593
UID1607	UID1593
UID1608	UID1593
UID1609	UID1593
UID1610	UID1593
UID1611	UID1593
UID1612	UID1593
UID1613	UID1593
UID1614	UID1593
UID1615	UID1593
UID1616	UID1593
UID1617	UID1593
UID1618	UID1593
UID1619	UID1593
UID1620	UID1593
UID1621	UID1572
UID1622	UID1572
UID1623	UID1530
UID1624	UID1530
UID1625	UID1530
UID1626	UID1530
UID1627	UID1530
UID1628	UID1530
UID1629	UID1530
UID1630	UID1530
UID1631	UID1623
UID1632	UID1623
UID1633	UID1623
UID1634	UID1623
UID1635	UID1623
UID1636	UID1623
UID1637	UID1623
UID1638	UID1623
UID1639	UID1623
UID1640	UID1631
UID1641	UID1631
UID1642	UID1631
UID1643	UID1631
UID1644	UID1631
UID1645	UID1631
UID1646	UID1631
UID1647	UID1631
UID1648	UID1631
UID1649	UID1631
UID1650	UID1631
UID1651	UID1631
UID1652	UID1631
UID1653	UID1631
UID1654	UID1631
UID1655	UID1631
UID1656	UID1631
UID1657	UID1623
UID1658	UID1623
UID1659	UID1623
UID1660	UID1623
UID1661	UID1572
UID1662	UID1572
UID1663	UID1663
UID1664	UID1663
UID1665	UID1663
UID1666	UID1663
UID1667	UID1663
UID1668	UID1663
UID1669	UID1663
UID1670	UID1663
UID1671	UID1663
UID1672	UID1663
UID1673	UID1663
UID1674	UID1663
UID1675	UID1663
UID1676	UID1663
UID1677	UID1663
UID1678	UID1663
UID1679	UID1663
UID1680	UID1663
UID1681	UID1663
UID1682	UID1663
UID1683	UID1663
UID1684	UID1663
UID1685	UID1663
UID1686	UID1663
UID1687	UID1663
UID1688	UID1663
UID1689	UID1663
UID1690	UID1663
UID1691	UID1663
UID1692	UID1663
UID1693	UID1663
UID1694	UID1663
UID1695	UID1663
UID1696	UID1696
UID1697	UID1590
UID1698	UID1590
UID1699	UID1590
UID1700	UID1697
UID1701	UID1697
UID1702	UID1697
UID1703	UID1697
UID1704	UID1697
UID1705	UID1697
UID1706	UID1697
UID1707	UID1530
UID1708	UID1530
UID1709	UID1530
UID1710	UID1530
UID1711	UID1530
UID1712	UID1530
UID1713	UID1530
UID1714	UID1530
UID1715	UID1530
UID1716	UID1530
UID1717	UID1530
UID1718	UID1709
UID1719	UID1709
UID1720	UID1709
UID1721	UID1709
UID1722	UID1709
UID1723	UID1709
UID1724	UID1709
UID1725	UID1709
UID1726	UID1709
UID1727	UID1709
UID1728	UID1709
UID1729	UID1530
UID1730	UID1530
UID1731	UID1530
UID1732	UID1530
UID1733	UID1530
UID1734	UID1530
UID1735	UID1530
UID1736	UID1530
UID1737	UID1530
UID1738	UID1697
UID1739	UID1697
UID1740	UID1697
UID1741	UID1697
UID1742	UID1697
UID1743	UID1697
UID1744	UID1697
UID1745	UID1697
UID1746	UID1696
UID1747	UID1696
UID1748	UID1696
UID1749	UID1696
UID1750	UID1696
UID1751	UID1696
UID1752	UID1696
UID1753	UID1696
UID1754	UID1696
UID1755	UID1696
UID1756	UID1696
UID1757	UID1696
UID1758	UID1696
UID1759	UID1696
UID1760	UID1758
UID1761	UID1758
UID1762	UID1758
UID1763	UID1758
UID1764	UID1758
UID1765	UID1758
UID1766	UID1758
UID1767	UID1758
UID1768	UID1758
UID1769	UID1758
UID1770	UID1756
UID1771	UID1756
UID1772	UID1756
UID1773	UID1756
UID1774	UID1756
UID1775	UID1756
UID1776	UID1756
UID1777	UID1756
UID1778	UID1756
UID1779	UID1756
UID1780	UID1760
UID1781	UID1760
UID1782	UID1760
UID1783	UID1760
UID1784	UID1760
UID1785	UID1760
UID1786	UID1760
UID1787	UID1760
UID1788	UID1760
UID1789	UID1760
UID1790	UID1760
UID1791	UID1760
UID1792	UID1760
UID1793	UID1760
UID1794	UID1760
UID1795	UID1760
UID1796	UID1760
UID1797	UID1760
UID1798	UID1760
UID1799	UID1760
UID1800	UID1696
UID1801	UID1696
UID1802	UID1802
UID1803	UID1802
UID1804	UID1802
UID1805	UID1802
UID1806	UID1802
UID1807	UID1802
UID1808	UID1802
UID1809	UID1802
UID1810	UID1746
UID1811	UID1746
UID1812	UID1746
UID1813	UID1590
UID1814	UID1814
UID1815	UID1814
UID1816	UID1816
UID1817	UID1816
UID1818	UID1816
UID1819	UID1816
UID1820	UID1816
UID1821	UID1816
UID1822	UID1816
UID1823	UID1816
UID1824	UID1816
UID1825	UID1816
UID1826	UID1816
UID1827	UID1816
UID1828	UID1816
UID1829	UID1816
UID1830	UID1816
UID1831	UID1808
UID1832	UID1808
UID1833	UID1808
UID1834	UID1816
UID1835	UID1816
UID1836	UID1816
UID1837	UID1816
UID1838	UID1816
UID1839	UID1816
UID1840	UID1816
UID1841	UID1816
UID1842	UID1816
UID1843	UID1816
UID1844	UID1816
UID1845	UID1816
UID1846	UID1816
UID1847	UID1816
UID1848	UID1816
UID1849	UID1816
UID1850	UID1816
UID1851	UID1816
UID1852	UID1816
UID1853	UID1816
UID1854	UID1816
UID1855	UID1816
UID1856	UID1816
UID1857	UID1816
UID1858	UID1816
UID1859	UID1816
UID1860	UID1816
UID1861	UID1816
UID1862	UID1816
UID1863	UID1816
UID1864	UID1816
UID1865	UID1816
UID1866	UID1816
UID1867	UID1816
UID1868	UID1816
UID1869	UID1816
UID1870	UID1816
UID1871	UID1808
UID1872	UID1808
UID1873	UID1808
UID1874	UID1808
UID1875	UID1815
UID1876	UID1815
UID1877	UID1815
UID1878	UID1815
UID1879	UID1815
UID1880	UID1815
UID1881	UID1815
UID1882	UID1815
UID1883	UID1815
UID1884	UID1815
UID1885	UID1815
UID1886	UID1815
UID1887	UID1815
UID1888	UID1808
UID1889	UID1808
UID1890	UID1815
UID1891	UID1815
UID1892	UID1815
UID1893	UID1815
UID1894	UID1815
UID1895	UID1815
UID1896	UID1815
UID1897	UID1815
UID1898	UID1815
UID1899	UID1815
UID1900	UID1815
UID1901	UID1815
UID1902	UID1815
UID1903	UID1815
UID1904	UID1815
UID1905	UID1815
UID1906	UID1815
UID1907	UID1815
UID1908	UID1815
UID1909	UID1814
UID1910	UID1814
UID1911	UID1814
UID1912	UID1814
UID1913	UID1814
UID1914	UID1814
UID1915	UID1814
UID1916	UID1814
UID1917	UID1814
UID1918	UID1814
UID1919	UID1814
UID1920	UID1814
UID1921	UID1814
UID1922	UID1814
UID1923	UID1814
UID1924	UID1814
UID1925	UID1814
UID1926	UID1814
UID1927	UID1814
UID1928	UID1814
UID1929	UID1814
UID1930	UID1814
UID1931	UID1814
UID1932	UID1814
UID1933	UID1814
UID1934	UID1814
UID1935	UID1814
UID1936	UID1590
UID1937	UID1590
UID1938	UID1590
UID1939	UID1590
UID1940	UID1809
UID1941	UID1809
UID1942	UID1809
UID1943	UID1809
UID1944	UID1809
UID1945	UID1809
UID1946	UID1809
UID1947	UID1809
UID1948	UID1812
UID1949	UID1936
UID1950	UID1936
UID1951	UID1936
UID1952	UID1936
UID1953	UID1936
UID1954	UID1812
UID1955	UID1812
UID1956	UID1812
UID1957	UID1812
UID1958	UID1812
UID1959	UID1812
UID1960	UID1812
UID1961	UID1812
UID1962	UID1812
UID1963	UID1812
UID1964	UID1812
UID1965	UID1812
UID1966	UID1812
UID1967	UID1812
UID1968	UID1812
UID1969	UID1812
UID1970	UID1812
UID1971	UID1812
UID1972	UID1812
UID1973	UID1812
UID1974	UID1812
UID1975	UID1812
UID1976	UID1812
UID1977	UID1812
UID1978	UID1812
UID1979	UID1812
UID1980	UID1812
UID1981	UID1812
UID1982	UID1812
UID1983	UID1812
UID1984	UID1812
UID1985	UID1812
UID1986	UID1812
UID1987	UID1812
UID1988	UID1812
UID1989	UID1812
UID1990	UID1812
UID1991	UID1812
UID1992	UID1812
UID1993	UID1812
UID1994	UID1812
UID1995	UID1812
UID1996	UID1812
UID1997	UID1812
UID1998	UID1812
UID1999	UID1812
UID2000	UID1812
UID2001	UID1812
UID2002	UID1812
UID2003	UID1812
UID2004	UID1812
UID2005	UID1812
UID2006	UID1812
UID2007	UID1812
UID2008	UID1812
UID2009	UID1812
UID2010	UID1812
UID2011	UID1812
UID2012	UID1746
UID2013	UID1746
UID2014	UID2012
UID2015	UID2012
UID2016	UID2012
UID2017	UID2012
UID2018	UID2012
UID2019	UID2012
UID2020	UID2012
UID2021	UID2014
UID2022	UID2014
UID2023	UID2014
UID2024	UID2014
UID2025	UID2014
UID2026	UID2014
UID2027	UID2014
UID2028	UID2014
UID2029	UID2014
UID2030	UID2014
UID2031	UID2014
UID2032	UID2014
UID2033	UID2014
UID2034	UID2014
UID2035	UID2014
UID2036	UID2014
UID2037	UID2014
UID2038	UID2014
UID2039	UID2014
UID2040	UID2014
UID2041	UID2012
UID2042	UID2012
UID2043	UID2012
UID2044	UID2012
UID2045	UID2012
UID2046	UID1802
UID2047	UID1696
UID2048	UID1696
UID2049	UID1696
UID2050	UID1696
UID2051	UID1696
UID2052	UID1696
UID2053	UID1696
UID2054	UID1696
UID2055	UID1696
UID2056	UID1696
UID2057	UID2052
UID2058	UID2052
UID2059	UID2052
UID2060	UID2052
UID2061	UID2052
UID2062	UID2052
UID2063	UID2052
UID2064	UID2052
UID2065	UID2052
UID2066	UID2052
UID2067	UID2052
UID2068	UID2048
UID2069	UID2055
UID2070	UID2055
UID2071	UID2055
UID2072	UID2055
UID2073	UID2055
UID2074	UID2055
UID2075	UID2055
UID2076	UID2055
UID2077	UID2055
UID2078	UID2055
UID2079	UID2055
UID2080	UID2055
UID2081	UID2055
UID2082	UID2055
UID2083	UID2055
UID2084	UID2055
UID2085	UID2055
UID2086	UID2048
UID2087	UID2048
UID2088	UID2048
UID2089	UID2048
UID2090	UID2048
UID2091	UID2048
UID2092	UID2048
UID2093	UID2048
UID2094	UID2048
UID2095	UID2048
UID2096	UID2048
UID2097	UID2048
UID2098	UID2048
UID2099	UID2048
UID2100	UID1696
UID2101	UID1696
UID2102	UID1696
UID2103	UID1696
UID2104	UID1696
UID2105	UID1696
UID2106	UID1696
UID2107	UID1696
UID2108	UID1696
UID2109	UID1696
UID2110	UID1696
UID2111	UID1572
UID2112	UID1454
UID2113	UID1454
UID2114	UID1454
UID2115	UID1454
UID2116	UID1454
UID2117	UID1454
UID2118	UID1454
UID2119	UID1454
UID2120	UID2112
UID2121	UID2112
UID2122	UID2112
UID2123	UID2112
UID2124	UID2112
UID2125	UID2112
UID2126	UID2112
UID2127	UID2112
UID2128	UID2112
UID2129	UID2112
UID2130	UID2112
UID2131	UID2112
UID2132	UID2112
UID2133	UID2112
UID2134	UID2112
UID2135	UID2112
UID2136	UID2112
UID2137	UID2112
UID2138	UID2112
UID2139	UID2112
UID2140	UID2112
UID2141	UID2112
UID2142	UID1453
UID2143	UID1453
UID2144	UID1453
UID2145	UID1453
UID2146	UID1453
UID2147	UID2143
UID2148	UID2143
UID2149	UID2143
UID2150	UID2143
UID2151	UID2143
UID2152	UID2143
UID2153	UID2143
UID2154	UID2143
UID2155	UID2143
UID2156	UID2143
UID2157	UID2143
UID2158	UID2143
UID2159	UID2143
UID2160	UID2143
UID2161	UID2143
UID2162	UID2143
UID2163	UID2143
UID2164	UID2143
UID2165	UID2143
UID2166	UID2143
UID2167	UID2143
UID2168	UID2143
UID2169	UID2143
UID2170	UID2143
UID2171	UID2143
UID2172	UID2143
UID2173	UID2143
UID2174	UID2143
UID2175	UID2143
UID2176	UID2143
UID2177	UID2143
UID2178	UID2143
UID2179	UID2143
UID2180	UID2143
UID2181	UID2143
UID2182	UID2182
UID2183	UID2182
UID2184	UID2182
UID2185	UID2182
UID2186	UID2182
UID2187	UID2182
UID2188	UID2182
UID2189	UID2182
UID2190	UID2182
UID2191	UID2182
UID2192	UID2192
UID2193	UID2189
UID2194	UID2189
UID2195	UID2189
UID2196	UID2189
UID2197	UID2189
UID2198	UID2189
UID2199	UID2189
UID2200	UID2189
UID2201	UID2192
UID2202	UID2192
UID2203	UID2192
UID2204	UID2192
UID2205	UID2192
UID2206	UID2192
UID2207	UID2192
UID2208	UID2192
UID2209	UID2192
UID2210	UID2192
UID2211	UID2192
UID2212	UID2192
UID2213	UID2192
UID2214	UID2192
UID2215	UID2192
UID2216	UID2192
UID2217	UID2192
UID2218	UID2192
UID2219	UID2192
UID2220	UID2192
UID2221	UID2192
UID2222	UID2192
UID2223	UID2192
UID2224	UID2192
UID2225	UID2192
UID2226	UID2189
UID2227	UID2189
UID2228	UID2189
UID2229	UID2189
UID2230	UID2193
UID2231	UID2193
UID2232	UID2193
UID2233	UID2193
UID2234	UID2193
UID2235	UID2193
UID2236	UID2193
UID2237	UID2189
UID2238	UID2189
UID2239	UID2189
UID2240	UID2189
UID2241	UID2189
UID2242	UID2189
UID2243	UID2189
UID2244	UID2189
UID2245	UID2189
UID2246	UID2189
UID2247	UID2189
UID2248	UID2189
UID2249	UID2189
UID2250	UID2189
UID2251	UID2189
UID2252	UID2189
UID2253	UID2189
UID2254	UID2192
UID2255	UID2192
UID2256	UID2192
UID2257	UID2192
UID2258	UID2192
UID2259	UID2192
UID2260	UID2192
UID2261	UID2192
UID2262	UID2192
UID2263	UID2192
UID2264	UID2192
UID2265	UID2192
UID2266	UID2192
UID2267	UID2143
UID2268	UID2142
UID2269	UID2142
UID2270	UID2142
UID2271	UID2142
UID2272	UID2142
UID2273	UID2142
UID2274	UID2142
UID2275	UID2142
UID2276	UID2142
UID2277	UID2142
UID2278	UID2142
UID2279	UID2142
UID2280	UID2142
UID2281	UID2142
UID2282	UID2142
UID2283	UID2142
UID2284	UID2142
UID2285	UID2142
UID2286	UID2142
UID2287	UID2142
UID2288	UID2142
UID2289	UID2142
UID2290	UID2142
UID2291	UID2142
UID2292	UID2142
UID2293	UID2142
UID2294	UID2142
UID2295	UID2142
UID2296	UID2142
UID2297	UID2142
UID2298	UID2142
UID2299	UID2142
UID2300	UID2142
UID2301	UID2142
UID2302	UID2142
UID2303	UID2142
UID2304	UID2142
UID2305	UID2142
UID2306	UID2142
UID2307	UID1452
UID2308	UID1452
UID2309	UID1452
UID2310	UID1452
UID2311	UID1452
UID2312	UID1452
UID2313	UID1452
UID2314	UID1452
UID2315	UID1452
UID2316	UID1452
UID2317	UID1452
UID2318	UID1452
UID2319	UID1452
UID2320	UID1452
UID2321	UID1452
UID2322	UID1452
UID2323	UID1452
UID2324	UID1452
UID2325	UID1452
UID2326	UID1452
UID2327	UID1452
UID2328	UID2328
UID2329	UID2329
UID2330	UID2329
UID2331	UID2329
UID2332	UID2329
UID2333	UID2329
UID2334	UID2329
UID2335	UID2329
UID2336	UID2329
UID2337	UID2329
UID2338	UID2329
UID2339	UID2329
UID2340	UID2329
UID2341	UID2329
UID2342	UID2329
UID2343	UID2329
UID2344	UID2329
UID2345	UID2329
UID2346	UID2329
UID2347	UID2329
UID2348	UID2329
UID2349	UID2329
UID2350	UID2329
UID2351	UID2329
UID2352	UID2329
UID2353	UID2329
UID2354	UID2329
UID2355	UID2329
UID2356	UID2329
UID2357	UID2329
UID2358	UID2329
UID2359	UID2329
UID2360	UID2329
UID2361	UID2328
UID2362	UID2328
UID2363	UID2328
UID2364	UID2328
UID2365	UID2328
UID2366	UID2328
UID2367	UID2328
UID2368	UID2328
UID2369	UID2328
UID2370	UID2328
UID2371	UID2328
UID2372	UID2329
UID2373	UID2372
UID2374	UID2372
UID2375	UID2372
UID2376	UID2372
UID2377	UID2372
UID2378	UID2372
UID2379	UID2372
UID2380	UID2372
UID2381	UID2372
UID2382	UID2372
UID2383	UID2372
UID2384	UID2372
UID2385	UID2372
UID2386	UID2372
UID2387	UID2372
UID2388	UID2372
UID2389	UID2372
UID2390	UID2372
UID2391	UID2372
UID2392	UID2372
UID2393	UID2372
UID2394	UID2372
UID2395	UID2395
UID2396	UID2395
UID2397	UID2395
UID2398	UID2395
UID2399	UID2395
UID2400	UID2395
UID2401	UID2395
UID2402	UID2395
UID2403	UID2395
UID2404	UID2395
UID2405	UID2395
UID2406	UID2395
UID2407	UID2395
UID2408	UID2395
UID2409	UID2395
UID2410	UID2395
UID2411	UID2395
UID2412	UID2395
UID2413	UID2395
UID2414	UID2395
UID2415	UID2415
UID2416	UID2415
UID2417	UID2415
UID2418	UID2415
UID2419	UID2415
UID2420	UID2415
UID2421	UID2415
UID2422	UID2415
UID2423	UID2415
UID2424	UID2415
UID2425	UID2415
UID2426	UID2414
UID2427	UID2414
UID2428	UID2414
UID2429	UID2415
UID2430	UID2428
UID2431	UID2428
UID2432	UID2428
UID2433	UID2428
UID2434	UID2428
UID2435	UID2428
UID2436	UID2428
UID2437	UID2428
UID2438	UID2428
UID2439	UID2428
UID2440	UID2428
UID2441	UID2428
UID2442	UID2415
UID2443	UID2415
UID2444	UID2415
UID2445	UID2415
UID2446	UID2415
UID2447	UID2415
UID2448	UID2415
UID2449	UID2415
UID2450	UID2415
UID2451	UID2415
UID2452	UID2415
UID2453	UID2415
UID2454	UID2415
UID2455	UID2414
UID2456	UID2414
UID2457	UID2426
UID2458	UID2426
UID2459	UID2426
UID2460	UID2426
UID2461	UID2426
UID2462	UID2426
UID2463	UID2426
UID2464	UID2426
UID2465	UID2426
UID2466	UID2414
UID2467	UID2466
UID2468	UID2466
UID2469	UID2466
UID2470	UID2466
UID2471	UID2466
UID2472	UID2466
UID2473	UID2466
UID2474	UID2466
UID2475	UID2466
UID2476	UID2466
UID2477	UID2466
UID2478	UID2466
UID2479	UID2466
UID2480	UID2414
UID2481	UID2395
UID2482	UID2395
UID2483	UID2395
UID2484	UID2395
UID2485	UID2395
UID2486	UID2395
UID2487	UID2395
UID2488	UID2395
UID2489	UID2395
UID2490	UID2395
UID2491	UID2395
UID2492	UID2395
UID2493	UID2395
UID2494	UID2395
UID2495	UID2495
UID2496	UID2495
UID2497	UID2495
UID2498	UID2495
UID2499	UID2495
UID2500	UID2495
UID2501	UID2495
UID2502	UID2496
UID2503	UID2496
UID2504	UID2496
UID2505	UID2496
UID2506	UID2496
UID2507	UID2496
UID2508	UID2496
UID2509	UID2496
UID2510	UID2496
UID2511	UID2496
UID2512	UID2496
UID2513	UID2512
UID2514	UID2512
UID2515	UID2512
UID2516	UID2512
UID2517	UID2512
UID2518	UID2512
UID2519	UID2512
UID2520	UID2512
UID2521	UID2512
UID2522	UID2512
UID2523	UID2512
UID2524	UID2512
UID2525	UID2512
UID2526	UID2512
UID2527	UID2512
UID2528	UID2512
UID2529	UID2496
UID2530	UID2496
UID2531	UID2496
UID2532	UID2496
UID2533	UID2496
UID2534	UID2496
UID2535	UID2495
UID2536	UID2495
UID2537	UID2495
UID2538	UID2495
UID2539	UID2495
UID2540	UID2495
UID2541	UID2495
UID2542	UID2495
UID2543	UID2535
UID2544	UID2512
UID2545	UID2512
UID2546	UID2512
UID2547	UID2512
UID2548	UID2512
UID2549	UID2512
UID2550	UID2512
UID2551	UID2512
UID2552	UID2512
UID2553	UID2512
UID2554	UID2512
UID2555	UID2512
UID2556	UID2512
UID2557	UID2512
UID2558	UID2535
UID2559	UID2535
UID2560	UID2535
UID2561	UID2535
UID2562	UID2535
UID2563	UID2535
UID2564	UID2535
UID2565	UID2565
UID2566	UID2495
UID2567	UID2495
UID2568	UID2495
UID2569	UID2495
UID2570	UID2570
UID2571	UID2570
UID2572	UID2570
UID2573	UID2570
UID2574	UID2570
UID2575	UID2570
UID2576	UID2570
UID2577	UID2570
UID2578	UID2570
UID2579	UID2570
UID2580	UID2570
UID2581	UID2570
UID2582	UID2570
UID2583	UID2570
UID2584	UID2570
UID2585	UID2570
UID2586	UID2570
UID2587	UID2570
UID2588	UID2570
UID2589	UID2570
UID2590	UID2570
UID2591	UID2570
UID2592	UID2591
UID2593	UID2591
UID2594	UID2591
UID2595	UID2591
UID2596	UID2591
UID2597	UID2591
UID2598	UID2591
UID2599	UID2591
UID2600	UID2591
UID2601	UID2591
UID2602	UID2591
UID2603	UID2591
UID2604	UID2591
UID2605	UID2605
UID2606	UID2605
UID2607	UID2605
UID2608	UID2605
UID2609	UID2605
UID2610	UID2605
UID2611	UID2605
UID2612	UID2605
UID2613	UID2605
UID2614	UID2605
UID2615	UID2605
UID2616	UID2569
UID2617	UID2605
UID2618	UID2569
UID2619	UID2569
UID2620	UID2569
UID2621	UID2617
UID2622	UID2570
UID2623	UID2570
UID2624	UID2570
UID2625	UID2570
UID2626	UID2570
UID2627	UID2621
UID2628	UID2622
UID2629	UID2622
UID2630	UID2622
UID2631	UID2622
UID2632	UID2622
UID2633	UID2622
UID2634	UID2622
UID2635	UID2622
UID2636	UID2622
UID2637	UID2622
UID2638	UID2622
UID2639	UID2622
UID2640	UID2622
UID2641	UID2622
UID2642	UID2622
UID2643	UID2622
UID2644	UID2622
UID2645	UID2621
UID2646	UID2621
UID2647	UID2621
UID2648	UID2621
UID2649	UID2621
UID2650	UID2621
UID2651	UID2621
UID2652	UID2621
UID2653	UID2621
UID2654	UID2617
UID2655	UID2617
UID2656	UID2617
UID2657	UID2617
UID2658	UID2617
UID2659	UID2654
UID2660	UID2654
UID2661	UID2657
UID2662	UID2657
UID2663	UID2657
UID2664	UID2657
UID2665	UID2657
UID2666	UID2657
UID2667	UID2657
UID2668	UID2657
UID2669	UID2657
UID2670	UID2657
UID2671	UID2657
UID2672	UID2657
UID2673	UID2657
UID2674	UID2657
UID2675	UID2657
UID2676	UID2657
UID2677	UID2657
UID2678	UID2657
UID2679	UID2657
UID2680	UID2657
UID2681	UID2657
UID2682	UID2657
UID2683	UID2657
UID2684	UID2657
UID2685	UID2657
UID2686	UID2657
UID2687	UID2657
UID2688	UID2657
UID2689	UID2657
UID2690	UID2657
UID2691	UID2691
UID2692	UID2691
UID2693	UID2691
UID2694	UID2691
UID2695	UID2691
UID2696	UID2691
UID2697	UID2691
UID2698	UID2691
UID2699	UID2691
UID2700	UID2691
UID2701	UID2691
UID2702	UID2691
UID2703	UID2691
UID2704	UID2691
UID2705	UID2691
UID2706	UID2691
UID2707	UID2691
UID2708	UID2691
UID2709	UID2691
UID2710	UID2691
UID2711	UID2691
UID2712	UID2691
UID2713	UID2691
UID2714	UID2691
UID2715	UID2657
UID2716	UID2657
UID2717	UID2657
UID2718	UID2657
UID2719	UID2657
UID2720	UID2657
UID2721	UID2657
UID2722	UID2716
UID2723	UID2716
UID2724	UID2724
UID2725	UID2721
UID2726	UID2721
UID2727	UID2721
UID2728	UID2721
UID2729	UID2722
UID2730	UID2722
UID2731	UID2724
UID2732	UID2724
UID2733	UID2724
UID2734	UID2724
UID2735	UID2724
UID2736	UID2724
UID2737	UID2724
UID2738	UID2724
UID2739	UID2724
UID2740	UID2724
UID2741	UID2724
UID2742	UID2724
UID2743	UID2724
UID2744	UID2724
UID2745	UID2724
UID2746	UID2724
UID2747	UID2724
UID2748	UID2724
UID2749	UID2724
UID2750	UID2724
UID2751	UID2724
UID2752	UID2724
UID2753	UID2724
UID2754	UID2724
UID2755	UID2724
UID2756	UID2724
UID2757	UID2724
UID2758	UID2724
UID2759	UID2724
UID2760	UID2724
UID2761	UID2724
UID2762	UID2724
UID2763	UID2724
UID2764	UID2724
UID2765	UID2724
UID2766	UID2724
UID2767	UID2724
UID2768	UID2724
UID2769	UID2724
UID2770	UID2724
UID2771	UID2724
UID2772	UID2724
UID2773	UID2724
UID2774	UID2716
UID2775	UID2716
UID2776	UID2716
UID2777	UID2716
UID2778	UID2716
UID2779	UID2716
UID2780	UID2716
UID2781	UID2657
UID2782	UID2657
UID2783	UID2657
UID2784	UID2657
UID2785	UID2654
UID2786	UID2654
UID2787	UID2654
UID2788	UID2654
UID2789	UID2654
UID2790	UID2654
UID2791	UID2654
UID2792	UID2654
UID2793	UID2654
UID2794	UID2654
UID2795	UID2654
UID2796	UID2654
UID2797	UID2657
UID2798	UID2657
UID2799	UID2657
UID2800	UID2657
UID2801	UID2569
UID2802	UID2569
UID2803	UID2569
UID2804	UID2569
UID2805	UID2569
UID2806	UID2569
UID2807	UID2605
UID2808	UID2605
UID2809	UID2605
UID2810	UID2605
UID2811	UID2605
UID2812	UID2569
UID2813	UID2569
UID2814	UID2569
UID2815	UID2566
UID2816	UID2605
UID2817	UID2817
UID2818	UID2817
UID2819	UID2817
UID2820	UID2817
UID2821	UID2817
UID2822	UID2817
UID2823	UID2817
UID2824	UID2817
UID2825	UID2817
UID2826	UID2817
UID2827	UID2817
UID2828	UID2817
UID2829	UID2817
UID2830	UID2817
UID2831	UID2817
UID2832	UID2817
UID2833	UID2817
UID2834	UID2817
UID2835	UID2817
UID2836	UID2817
UID2837	UID2817
UID2838	UID2817
UID2839	UID2817
UID2840	UID2817
UID2841	UID2817
UID2842	UID2817
UID2843	UID2817
UID2844	UID2817
UID2845	UID2845
UID2846	UID2846
UID2847	UID2846
UID2848	UID2847
UID2849	UID2847
UID2850	UID2847
UID2851	UID2847
UID2852	UID2847
UID2853	UID2847
UID2854	UID2847
UID2855	UID2847
UID2856	UID2847
UID2857	UID2847
UID2858	UID2847
UID2859	UID2847
UID2860	UID2847
UID2861	UID2847
UID2862	UID2847
UID2863	UID2847
UID2864	UID2847
UID2865	UID2847
UID2866	UID2847
UID2867	UID2847
UID2868	UID2847
UID2869	UID2846
UID2870	UID2846
UID2871	UID2846
UID2872	UID2846
UID2873	UID2846
UID2874	UID2846
UID2875	UID2846
UID2876	UID2846
UID2877	UID2846
UID2878	UID2846
UID2879	UID2846
UID2880	UID2846
UID2881	UID2846
UID2882	UID2846
UID2883	UID2846
UID2884	UID2846
UID2885	UID2846
UID2886	UID2846
UID2887	UID2846
UID2888	UID2846
UID2889	UID2846
UID2890	UID2846
UID2891	UID2846
UID2892	UID2845
UID2893	UID2845
UID2894	UID2845
UID2895	UID2845
UID2896	UID2845
UID2897	UID2605
UID2898	UID2605
UID2899	UID2605
UID2900	UID2605
UID2901	UID2605
UID2902	UID2605
UID2903	UID2605
UID2904	UID2605
UID2905	UID2605
UID2906	UID2605
UID2907	UID2605
UID2908	UID2605
UID2909	UID2605
UID2910	UID2605
UID2911	UID2565
UID2912	UID2565
UID2913	UID2565
UID2914	UID2565
UID2915	UID2565
UID2916	UID2565
UID2917	UID2565
UID2918	UID2565
UID2919	UID2565
UID2920	UID2815
UID2921	UID2815
UID2922	UID2815
UID2923	UID2815
UID2924	UID2815
UID2925	UID2815
UID2926	UID2815
UID2927	UID2815
UID2928	UID2815
UID2929	UID2815
UID2930	UID2815
UID2931	UID2815
UID2932	UID2815
UID2933	UID2565
UID2934	UID2565
UID2935	UID2570
UID2936	UID2570
UID2937	UID2937
UID2938	UID2936
UID2939	UID2936
UID2940	UID2936
UID2941	UID2936
UID2942	UID2936
UID2943	UID2936
UID2944	UID2938
UID2945	UID2938
UID2946	UID2938
UID2947	UID2938
UID2948	UID2938
UID2949	UID2938
UID2950	UID2938
UID2951	UID2938
UID2952	UID2938
UID2953	UID2938
UID2954	UID2936
UID2955	UID2936
UID2956	UID2936
UID2957	UID2936
UID2958	UID2936
UID2959	UID2936
UID2960	UID2936
UID2961	UID2936
UID2962	UID2936
UID2963	UID2936
UID2964	UID2937
UID2965	UID2937
UID2966	UID2936
UID2967	UID2936
UID2968	UID2936
UID2969	UID2936
UID2970	UID2936
UID2971	UID2936
UID2972	UID2936
UID2973	UID2936
UID2974	UID2936
UID2975	UID2936
UID2976	UID2936
UID2977	UID2936
UID2978	UID2936
UID2979	UID2570
UID2980	UID2570
UID2981	UID2495
UID2982	UID2565
UID2983	UID2565
UID2984	UID2565
UID2985	UID2565
UID2986	UID2565
UID2987	UID2565
UID2988	UID2565
UID2989	UID2565
UID2990	UID2565
UID2991	UID2565
UID2992	UID2565
UID2993	UID2982
UID2994	UID2982
UID2995	UID2994
UID2996	UID2994
UID2997	UID2994
UID2998	UID2994
UID2999	UID2994
UID3000	UID2994
UID3001	UID2994
UID3002	UID2994
UID3003	UID2994
UID3004	UID2994
UID3005	UID2994
UID3006	UID2994
UID3007	UID2994
UID3008	UID2994
UID3009	UID2994
UID3010	UID2994
UID3011	UID2994
UID3012	UID2993
UID3013	UID2993
UID3014	UID2993
UID3015	UID2993
UID3016	UID2993
UID3017	UID2993
UID3018	UID2993
UID3019	UID2993
UID3020	UID2993
UID3021	UID2993
UID3022	UID2993
UID3023	UID2993
UID3024	UID2993
UID3025	UID2993
UID3026	UID3014
UID3027	UID3014
UID3028	UID3014
UID3029	UID3014
UID3030	UID3014
UID3031	UID3014
UID3032	UID3014
UID3033	UID3014
UID3034	UID3014
UID3035	UID3014
UID3036	UID3014
UID3037	UID2993
UID3038	UID2993
UID3039	UID2993
UID3040	UID2993
UID3041	UID2993
UID3042	UID2993
UID3043	UID2982
UID3044	UID2982
UID3045	UID2982
UID3046	UID2982
UID3047	UID2982
UID3048	UID2982
UID3049	UID2982
UID3050	UID2982
UID3051	UID2982
UID3052	UID2982
UID3053	UID2982
UID3054	UID2982
UID3055	UID2982
UID3056	UID2982
UID3057	UID2982
UID3058	UID2982
UID3059	UID3059
UID3060	UID3060
UID3061	UID3060
UID3062	UID3060
UID3063	UID3060
UID3064	UID3060
UID3065	UID3060
UID3066	UID3060
UID3067	UID3060
UID3068	UID3066
UID3069	UID3061
UID3070	UID3061
UID3071	UID3061
UID3072	UID3061
UID3073	UID3066
UID3074	UID3066
UID3075	UID3066
UID3076	UID3076
UID3077	UID3076
UID3078	UID3076
UID3079	UID3076
UID3080	UID3076
UID3081	UID3076
UID3082	UID3076
UID3083	UID3076
UID3084	UID3076
UID3085	UID3076
UID3086	UID3076
UID3087	UID3076
UID3088	UID3076
UID3089	UID3076
UID3090	UID3076
UID3091	UID3076
UID3092	UID3076
UID3093	UID3076
UID3094	UID3076
UID3095	UID3076
UID3096	UID3076
UID3097	UID3076
UID3098	UID3076
UID3099	UID3076
UID3100	UID3076
UID3101	UID3076
UID3102	UID3076
UID3103	UID3076
UID3104	UID3076
UID3105	UID3076
UID3106	UID3076
UID3107	UID3076
UID3108	UID3076
UID3109	UID3076
UID3110	UID3076
UID3111	UID3076
UID3112	UID3066
UID3113	UID3066
UID3114	UID3066
UID3115	UID3065
UID3116	UID3065
UID3117	UID3065
UID3118	UID3065
UID3119	UID3065
UID3120	UID3065
UID3121	UID3065
UID3122	UID3065
UID3123	UID3065
UID3124	UID3068
UID3125	UID3068
UID3126	UID3068
UID3127	UID3068
UID3128	UID3068
UID3129	UID3068
UID3130	UID3068
UID3131	UID3068
UID3132	UID3068
UID3133	UID3068
UID3134	UID3068
UID3135	UID3068
UID3136	UID3132
UID3137	UID3132
UID3138	UID3132
UID3139	UID3132
UID3140	UID3132
UID3141	UID3132
UID3142	UID3132
UID3143	UID3132
UID3144	UID3132
UID3145	UID3132
UID3146	UID3132
UID3147	UID3132
UID3148	UID3132
UID3149	UID3132
UID3150	UID3132
UID3151	UID3132
UID3152	UID3132
UID3153	UID3132
UID3154	UID3068
UID3155	UID3068
UID3156	UID3060
UID3157	UID3060
UID3158	UID3060
UID3159	UID3060
UID3160	UID3060
UID3161	UID3060
UID3162	UID3060
UID3163	UID3060
UID3164	UID3060
UID3165	UID3060
UID3166	UID3060
UID3167	UID3060
UID3168	UID3060
UID3169	UID3060
UID3170	UID3060
UID3171	UID3060
UID3172	UID3060
UID3173	UID3060
UID3174	UID3060
UID3175	UID3060
UID3176	UID3060
UID3177	UID3060
UID3178	UID3060
UID3179	UID3060
UID3180	UID3060
UID3181	UID3060
UID3182	UID3060
UID3183	UID3060
UID3184	UID3060
UID3185	UID3060
UID3186	UID3060
UID3187	UID3187
UID3188	UID3187
UID3189	UID3187
UID3190	UID3187
UID3191	UID3187
UID3192	UID3187
UID3193	UID3187
UID3194	UID3187
UID3195	UID3187
UID3196	UID3187
UID3197	UID3187
UID3198	UID3187
UID3199	UID3187
UID3200	UID3187
UID3201	UID3187
UID3202	UID3187
UID3203	UID3187
UID3204	UID3187
UID3205	UID3187
UID3206	UID3187
UID3207	UID3187
UID3208	UID3187
UID3209	UID3187
UID3210	UID3187
UID3211	UID3187
UID3212	UID3187
UID3213	UID3187
UID3214	UID3187
UID3215	UID3187
UID3216	UID3216
UID3217	UID3216
UID3218	UID3216
UID3219	UID3216
UID3220	UID3216
UID3221	UID3216
UID3222	UID3216
UID3223	UID3216
UID3224	UID3216
UID3225	UID3216
UID3226	UID3216
UID3227	UID3216
UID3228	UID3216
UID3229	UID3216
UID3230	UID3216
UID3231	UID3216
UID3232	UID3216
UID3233	UID3217
UID3234	UID3217
UID3235	UID3217
UID3236	UID3217
UID3237	UID3217
UID3238	UID3217
UID3239	UID3217
UID3240	UID3217
UID3241	UID3217
UID3242	UID3217
UID3243	UID3217
UID3244	UID3217
UID3245	UID3217
UID3246	UID3218
UID3247	UID3218
UID3248	UID3218
UID3249	UID3218
UID3250	UID3218
UID3251	UID3218
UID3252	UID3218
UID3253	UID3218
UID3254	UID3218
UID3255	UID3218
UID3256	UID3218
UID3257	UID3218
UID3258	UID3218
UID3259	UID3218
UID3260	UID3218
UID3261	UID3218
UID3262	UID3218
UID3263	UID3218
UID3264	UID3218
UID3265	UID3218
UID3266	UID3218
UID3267	UID3218
UID3268	UID3218
UID3269	UID3218
UID3270	UID3218
UID3271	UID3217
UID3272	UID3217
UID3273	UID3217
UID3274	UID3217
UID3275	UID3217
UID3276	UID3217
UID3277	UID3217
UID3278	UID3216
UID3279	UID3216
UID3280	UID3216
UID3281	UID3216
UID3282	UID3216
UID3283	UID3216
UID3284	UID3216
UID3285	UID3216
UID3286	UID3216
UID3287	UID3216
UID3288	UID3216
UID3289	UID3216
UID3290	UID3216
UID3291	UID3216
UID3292	UID3216
UID3293	UID3216
UID3294	UID3216
UID3295	UID3216
UID3296	UID3216
UID3297	UID3216
UID3298	UID3187
UID3299	UID3187
UID3300	UID3187
UID3301	UID3187
UID3302	UID3214
UID3303	UID3214
UID3304	UID2565
UID3305	UID3305
UID3306	UID3305
UID3307	UID3305
UID3308	UID3305
UID3309	UID3305
UID3310	UID3305
UID3311	UID3310
UID3312	UID3310
UID3313	UID3310
UID3314	UID3310
UID3315	UID3310
UID3316	UID3310
UID3317	UID3310
UID3318	UID3310
UID3319	UID3310
UID3320	UID3310
UID3321	UID3310
UID3322	UID3310
UID3323	UID3310
UID3324	UID3310
UID3325	UID3310
UID3326	UID3310
UID3327	UID3310
UID3328	UID3310
UID3329	UID3310
UID3330	UID3310
UID3331	UID3310
UID3332	UID3305
UID3333	UID3305
UID3334	UID3305
UID3335	UID3305
UID3336	UID3305
UID3337	UID3305
UID3338	UID3337
UID3339	UID3337
UID3340	UID3340
UID3341	UID3340
UID3342	UID3340
UID3343	UID3340
UID3344	UID3340
UID3345	UID3340
UID3346	UID3340
UID3347	UID3340
UID3348	UID3340
UID3349	UID3340
UID3350	UID3340
UID3351	UID3340
UID3352	UID3340
UID3353	UID3340
UID3354	UID3340
UID3355	UID3340
UID3356	UID3356
UID3357	UID3356
UID3358	UID3356
UID3359	UID3356
UID3360	UID3356
UID3361	UID3340
UID3362	UID3361
UID3363	UID3361
UID3364	UID3361
UID3365	UID3361
UID3366	UID3361
UID3367	UID3361
UID3368	UID3361
UID3369	UID3361
UID3370	UID3361
UID3371	UID3361
UID3372	UID3361
UID3373	UID3361
UID3374	UID3340
UID3375	UID3360
UID3376	UID3360
UID3377	UID3360
UID3378	UID3360
UID3379	UID3375
UID3380	UID3375
UID3381	UID3375
UID3382	UID3375
UID3383	UID3375
UID3384	UID3375
UID3385	UID3375
UID3386	UID3375
UID3387	UID3375
UID3388	UID3375
UID3389	UID3375
UID3390	UID3375
UID3391	UID3375
UID3392	UID3375
UID3393	UID3375
UID3394	UID3375
UID3395	UID3360
UID3396	UID3360
UID3397	UID3360
UID3398	UID3360
UID3399	UID3360
UID3400	UID3360
UID3401	UID3360
UID3402	UID3360
UID3403	UID3360
UID3404	UID3360
UID3405	UID3360
UID3406	UID3356
UID3407	UID3356
UID3408	UID3356
UID3409	UID3356
UID3410	UID3356
UID3411	UID3356
UID3412	UID3356
UID3413	UID3356
UID3414	UID3356
UID3415	UID3356
UID3416	UID3356
UID3417	UID3356
UID3418	UID3356
UID3419	UID3356
UID3420	UID3356
UID3421	UID3356
UID3422	UID3337
UID3423	UID3422
UID3424	UID3422
UID3425	UID3422
UID3426	UID3422
UID3427	UID3422
UID3428	UID3422
UID3429	UID3422
UID3430	UID3422
UID3431	UID3422
UID3432	UID3422
UID3433	UID3422
UID3434	UID3422
UID3435	UID3422
UID3436	UID3422
UID3437	UID3422
UID3438	UID3422
UID3439	UID3422
UID3440	UID3422
UID3441	UID3422
UID3442	UID3422
UID3443	UID3422
UID3444	UID3422
UID3445	UID3422
UID3446	UID3305
UID3447	UID3447
UID3448	UID3447
UID3449	UID3447
UID3450	UID3447
UID3451	UID3447
UID3452	UID3447
UID3453	UID3447
UID3454	UID3447
UID3455	UID3449
UID3456	UID3450
UID3457	UID3450
UID3458	UID3450
UID3459	UID3450
UID3460	UID3450
UID3461	UID3450
UID3462	UID3450
UID3463	UID3450
UID3464	UID3450
UID3465	UID3450
UID3466	UID3450
UID3467	UID3450
UID3468	UID3450
UID3469	UID3450
UID3470	UID3450
UID3471	UID3450
UID3472	UID3450
UID3473	UID3450
UID3474	UID3450
UID3475	UID3450
UID3476	UID3450
UID3477	UID3450
UID3478	UID3450
UID3479	UID3450
UID3480	UID3305
UID3481	UID3305
UID3482	UID3305
UID3483	UID3305
UID3484	UID3305
UID3485	UID3305
UID3486	UID3305
UID3487	UID3481
UID3488	UID3486
UID3489	UID3486
UID3490	UID3486
UID3491	UID3486
UID3492	UID3486
UID3493	UID3486
UID3494	UID3486
UID3495	UID3486
UID3496	UID3485
UID3497	UID3486
UID3498	UID3486
UID3499	UID3486
UID3500	UID3486
UID3501	UID3486
UID3502	UID3485
UID3503	UID3485
UID3504	UID3482
UID3505	UID3482
UID3506	UID3486
UID3507	UID3486
UID3508	UID3486
UID3509	UID3486
UID3510	UID3486
UID3511	UID3486
UID3512	UID3486
UID3513	UID3486
UID3514	UID3486
UID3515	UID3486
UID3516	UID3486
UID3517	UID3486
UID3518	UID3505
UID3519	UID3505
UID3520	UID3505
UID3521	UID3505
UID3522	UID3505
UID3523	UID3505
UID3524	UID3505
UID3525	UID3505
UID3526	UID3505
UID3527	UID3505
UID3528	UID3505
UID3529	UID3482
UID3530	UID3482
UID3531	UID3482
UID3532	UID3305
UID3533	UID3305
UID3534	UID3305
UID3535	UID3305
UID3536	UID3305
UID3537	UID3451
UID3538	UID3451
UID3539	UID3451
UID3540	UID3451
UID3541	UID3451
UID3542	UID3480
UID3543	UID3480
UID3544	UID3480
UID3545	UID3480
UID3546	UID3480
UID3547	UID3480
UID3548	UID3480
UID3549	UID3480
UID3550	UID3480
UID3551	UID3480
UID3552	UID3480
UID3553	UID3480
UID3554	UID3480
UID3555	UID3451
UID3556	UID3451
UID3557	UID3451
UID3558	UID3451
UID3559	UID3451
UID3560	UID3451
UID3561	UID3449
UID3562	UID3449
UID3563	UID3449
UID3564	UID3563
UID3565	UID3563
UID3566	UID3565
UID3567	UID3565
UID3568	UID3566
UID3569	UID3566
UID3570	UID3566
UID3571	UID3566
UID3572	UID3566
UID3573	UID3566
UID3574	UID3566
UID3575	UID3566
UID3576	UID3566
UID3577	UID3566
UID3578	UID3566
UID3579	UID3566
UID3580	UID3566
UID3581	UID3566
UID3582	UID3566
UID3583	UID3566
UID3584	UID3566
UID3585	UID3566
UID3586	UID3566
UID3587	UID3565
UID3588	UID3565
UID3589	UID3565
UID3590	UID3565
UID3591	UID3564
UID3592	UID3564
UID3593	UID3564
UID3594	UID3564
UID3595	UID3564
UID3596	UID3564
UID3597	UID3564
UID3598	UID3564
UID3599	UID3564
UID3600	UID3564
UID3601	UID3564
UID3602	UID3564
UID3603	UID3564
UID3604	UID3564
UID3605	UID3564
UID3606	UID3564
UID3607	UID3564
UID3608	UID3564
UID3609	UID3564
UID3610	UID3564
UID3611	UID3564
UID3612	UID3564
UID3613	UID3564
UID3614	UID3564
UID3615	UID3564
UID3616	UID3591
UID3617	UID3591
UID3618	UID3591
UID3619	UID3591
UID3620	UID3591
UID3621	UID3591
UID3622	UID3591
UID3623	UID3591
UID3624	UID3591
UID3625	UID3591
UID3626	UID3591
UID3627	UID3591
UID3628	UID3591
UID3629	UID3591
UID3630	UID3591
UID3631	UID3564
UID3632	UID3564
UID3633	UID3564
UID3634	UID3564
UID3635	UID3564
UID3636	UID3564
UID3637	UID3564
UID3638	UID3449
UID3639	UID3449
UID3640	UID3449
UID3641	UID3449
UID3642	UID3642
UID3643	UID3642
UID3644	UID3642
UID3645	UID3642
UID3646	UID3642
UID3647	UID3642
UID3648	UID3642
UID3649	UID3642
UID3650	UID3642
UID3651	UID3642
UID3652	UID3642
UID3653	UID3642
UID3654	UID3642
UID3655	UID3642
UID3656	UID3642
UID3657	UID3642
UID3658	UID3654
UID3659	UID3654
UID3660	UID3654
UID3661	UID3654
UID3662	UID3654
UID3663	UID3654
UID3664	UID3654
UID3665	UID3654
UID3666	UID3654
UID3667	UID3654
UID3668	UID3654
UID3669	UID3654
UID3670	UID3654
UID3671	UID3654
UID3672	UID3654
UID3673	UID3654
UID3674	UID3654
UID3675	UID3654
UID3676	UID3654
UID3677	UID3654
UID3678	UID3654
UID3679	UID3654
UID3680	UID3654
UID3681	UID3654
UID3682	UID3654
UID3683	UID3654
UID3684	UID3654
UID3685	UID3654
UID3686	UID3642
UID3687	UID3642
UID3688	UID3642
UID3689	UID3642
UID3690	UID3642
UID3691	UID3642
UID3692	UID3642
UID3693	UID3642
UID3694	UID3642
UID3695	UID3695
UID3696	UID3695
UID3697	UID3695
UID3698	UID3695
UID3699	UID3695
UID3700	UID3699
UID3701	UID3699
UID3702	UID3699
UID3703	UID3699
UID3704	UID3699
UID3705	UID3699
UID3706	UID3699
UID3707	UID3699
UID3708	UID3699
UID3709	UID3699
UID3710	UID3699
UID3711	UID3699
UID3712	UID3699
UID3713	UID3699
UID3714	UID3699
UID3715	UID3699
UID3716	UID3699
UID3717	UID3699
UID3718	UID3699
UID3719	UID3699
UID3720	UID3699
UID3721	UID3699
UID3722	UID3699
UID3723	UID3699
UID3724	UID3699
UID3725	UID3699
UID3726	UID3699
UID3727	UID3699
UID3728	UID3699
UID3729	UID3699
UID3730	UID3699
UID3731	UID3699
UID3732	UID3699
UID3733	UID3695
UID3734	UID3695
UID3735	UID3695
UID3736	UID3695
UID3737	UID3695
UID3738	UID3695
UID3739	UID3642
UID3740	UID3642
UID3741	UID3642
UID3742	UID3642
UID3743	UID3642
UID3744	UID3447
UID3745	UID3447
UID3746	UID3447
UID3747	UID3447
UID3748	UID3447
UID3749	UID3447
UID3750	UID3447
UID3751	UID3447
UID3752	UID3447
UID3753	UID3305
UID3754	UID3754
UID3755	UID3754
UID3756	UID3754
UID3757	UID3754
UID3758	UID3754
UID3759	UID3754
UID3760	UID3754
UID3761	UID3754
UID3762	UID3754
UID3763	UID3754
UID3764	UID3754
UID3765	UID3754
UID3766	UID3754
UID3767	UID3754
UID3768	UID3754
UID3769	UID3754
UID3770	UID3754
UID3771	UID3754
UID3772	UID3754
UID3773	UID3754
UID3774	UID3754
UID3775	UID3754
UID3776	UID3754
UID3777	UID3754
UID3778	UID3754
UID3779	UID3754
UID3780	UID3754
UID3781	UID3754
UID3782	UID3754
UID3783	UID3754
UID3784	UID3754
UID3785	UID3754
UID3786	UID3754
UID3787	UID3754
UID3788	UID3754
UID3789	UID3754
UID3790	UID3754
UID3791	UID3754
UID3792	UID3754
UID3793	UID3305
UID3794	UID3305
UID3795	UID3305
UID3796	UID3305
UID3797	UID3305
UID3798	UID3305
UID3799	UID3305
UID3800	UID3305
UID3801	UID3305
UID3802	UID3305
UID3803	UID3305
UID3804	UID3305
UID3805	UID3305
UID3806	UID3305
UID3807	UID3305
UID3808	UID3305
UID3809	UID2495
UID3810	UID2495
UID3811	UID3809
UID3812	UID3809
UID3813	UID3809
UID3814	UID3809
UID3815	UID3809
UID3816	UID3809
UID3817	UID3809
UID3818	UID3809
UID3819	UID3809
UID3820	UID3815
UID3821	UID3815
UID3822	UID3815
UID3823	UID3815
UID3824	UID3815
UID3825	UID3815
UID3826	UID3815
UID3827	UID3815
UID3828	UID3815
UID3829	UID3815
UID3830	UID3815
UID3831	UID3815
UID3832	UID3815
UID3833	UID3817
UID3834	UID3817
UID3835	UID3817
UID3836	UID3817
UID3837	UID3817
UID3838	UID3817
UID3839	UID3817
UID3840	UID3817
UID3841	UID3817
UID3842	UID3817
UID3843	UID3817
UID3844	UID3817
UID3845	UID3815
UID3846	UID3815
UID3847	UID3815
UID3848	UID3809
UID3849	UID3809
UID3850	UID3811
UID3851	UID3811
UID3852	UID3811
UID3853	UID3811
UID3854	UID3811
UID3855	UID3811
UID3856	UID3811
UID3857	UID3811
UID3858	UID3811
UID3859	UID3811
UID3860	UID3811
UID3861	UID3811
UID3862	UID3811
UID3863	UID2495
UID3864	UID2495
UID3865	UID2495
UID3866	UID2495
UID3867	UID3809
UID3868	UID3809
UID3869	UID3809
UID3870	UID3809
UID3871	UID3809
UID3872	UID3809
UID3873	UID3809
UID3874	UID3809
UID3875	UID3809
UID3876	UID3809
UID3877	UID3809
UID3878	UID3809
UID3879	UID3809
UID3880	UID3214
UID3881	UID3214
UID3882	UID3882
UID3883	UID3882
UID3884	UID3882
UID3885	UID3882
UID3886	UID3882
UID3887	UID3880
UID3888	UID3888
UID3889	UID3888
UID3890	UID3888
UID3891	UID3888
UID3892	UID3888
UID3893	UID3888
UID3894	UID3888
UID3895	UID3888
UID3896	UID3888
UID3897	UID3888
UID3898	UID3888
UID3899	UID3888
UID3900	UID3888
UID3901	UID3890
UID3902	UID3890
UID3903	UID3890
UID3904	UID3890
UID3905	UID3890
UID3906	UID3890
UID3907	UID3890
UID3908	UID3890
UID3909	UID3890
UID3910	UID3890
UID3911	UID3890
UID3912	UID3890
UID3913	UID3890
UID3914	UID3890
UID3915	UID3890
UID3916	UID3890
UID3917	UID3901
UID3918	UID3901
UID3919	UID3901
UID3920	UID3907
UID3921	UID3907
UID3922	UID3907
UID3923	UID3907
UID3924	UID3907
UID3925	UID3907
UID3926	UID3907
UID3927	UID3907
UID3928	UID3907
UID3929	UID3901
UID3930	UID3901
UID3931	UID3901
UID3932	UID3901
UID3933	UID3901
UID3934	UID3901
UID3935	UID3901
UID3936	UID3901
UID3937	UID3907
UID3938	UID3907
UID3939	UID3907
UID3940	UID3907
UID3941	UID3907
UID3942	UID3907
UID3943	UID3907
UID3944	UID3907
UID3945	UID3907
UID3946	UID3907
UID3947	UID3907
UID3948	UID3907
UID3949	UID3907
UID3950	UID3888
UID3951	UID3888
UID3952	UID3888
UID3953	UID3888
UID3954	UID3888
UID3955	UID3888
UID3956	UID3888
UID3957	UID3888
UID3958	UID3888
UID3959	UID3959
UID3960	UID3959
UID3961	UID3959
UID3962	UID3959
UID3963	UID3959
UID3964	UID3959
UID3965	UID3959
UID3966	UID3959
UID3967	UID3959
UID3968	UID3959
UID3969	UID3959
UID3970	UID3959
UID3971	UID3971
UID3972	UID3971
UID3973	UID3971
UID3974	UID3971
UID3975	UID3971
UID3976	UID3971
UID3977	UID3971
UID3978	UID3971
UID3979	UID3971
UID3980	UID3971
UID3981	UID3971
UID3982	UID3971
UID3983	UID3971
UID3984	UID3971
UID3985	UID3972
UID3986	UID3972
UID3987	UID3972
UID3988	UID3972
UID3989	UID3972
UID3990	UID3972
UID3991	UID3972
UID3992	UID3972
UID3993	UID3972
UID3994	UID3972
UID3995	UID3972
UID3996	UID3972
UID3997	UID3972
UID3998	UID3972
UID3999	UID3972
UID4000	UID3888
UID4001	UID3888
UID4002	UID4000
UID4003	UID4001
UID4004	UID4001
UID4005	UID4001
UID4006	UID4002
UID4007	UID4002
UID4008	UID4002
UID4009	UID4006
UID4010	UID4006
UID4011	UID4004
UID4012	UID4004
UID4013	UID4004
UID4014	UID4004
UID4015	UID4004
UID4016	UID4004
UID4017	UID4004
UID4018	UID4004
UID4019	UID4004
UID4020	UID4007
UID4021	UID4007
UID4022	UID4007
UID4023	UID4007
UID4024	UID4007
UID4025	UID4007
UID4026	UID4007
UID4027	UID4007
UID4028	UID4007
UID4029	UID4007
UID4030	UID4006
UID4031	UID4006
UID4032	UID4006
UID4033	UID4006
UID4034	UID4006
UID4035	UID4006
UID4036	UID4006
UID4037	UID4006
UID4038	UID4006
UID4039	UID4006
UID4040	UID4006
UID4041	UID4006
UID4042	UID4006
UID4043	UID4006
UID4044	UID4006
UID4045	UID4006
UID4046	UID4006
UID4047	UID4006
UID4048	UID4006
UID4049	UID4006
UID4050	UID4006
UID4051	UID4006
UID4052	UID4006
UID4053	UID4006
UID4054	UID4006
UID4055	UID4006
UID4056	UID4006
UID4057	UID4006
UID4058	UID4006
UID4059	UID4006
UID4060	UID4006
UID4061	UID4006
UID4062	UID4006
UID4063	UID4006
UID4064	UID4006
UID4065	UID4006
UID4066	UID4006
UID4067	UID4001
UID4068	UID4001
UID4069	UID4001
UID4070	UID4001
UID4071	UID4003
UID4072	UID4003
UID4073	UID4003
UID4074	UID4003
UID4075	UID4003
UID4076	UID4003
UID4077	UID4003
UID4078	UID4003
UID4079	UID4003
UID4080	UID4003
UID4081	UID4003
UID4082	UID4003
UID4083	UID4003
UID4084	UID4003
UID4085	UID4003
UID4086	UID4003
UID4087	UID4003
UID4088	UID4003
UID4089	UID4000
UID4090	UID4000
UID4091	UID4002
UID4092	UID4002
UID4093	UID4002
UID4094	UID4002
UID4095	UID4002
UID4096	UID4002
UID4097	UID4002
UID4098	UID4002
UID4099	UID4002
UID4100	UID4002
UID4101	UID4002
UID4102	UID4002
UID4103	UID4002
UID4104	UID3888
UID4105	UID3888
UID4106	UID3888
UID4107	UID3888
UID4108	UID3888
UID4109	UID4000
UID4110	UID4000
UID4111	UID4000
UID4112	UID4000
UID4113	UID4000
UID4114	UID4000
UID4115	UID4000
UID4116	UID4000
UID4117	UID4000
UID4118	UID4000
UID4119	UID4000
UID4120	UID4000
UID4121	UID4000
UID4122	UID4000
UID4123	UID4000
UID4124	UID4000
UID4125	UID4000
UID4126	UID4000
UID4127	UID4000
UID4128	UID4000
UID4129	UID4000
UID4130	UID4000
UID4131	UID4000
UID4132	UID4000
UID4133	UID4000
UID4134	UID4000
UID4135	UID4000
UID4136	UID4000
UID4137	UID4105
UID4138	UID4105
UID4139	UID4119
UID4140	UID4119
UID4141	UID4119
UID4142	UID4119
UID4143	UID4119
UID4144	UID4119
UID4145	UID4119
UID4146	UID4119
UID4147	UID4119
UID4148	UID4119
UID4149	UID4119
UID4150	UID4105
UID4151	UID4105
UID4152	UID4105
UID4153	UID4105
UID4154	UID4105
UID4155	UID4105
UID4156	UID4105
UID4157	UID3887
UID4158	UID3959
UID4159	UID3959
UID4160	UID4000
UID4161	UID4000
UID4162	UID4000
UID4163	UID4000
UID4164	UID4000
UID4165	UID4000
UID4166	UID4000
UID4167	UID4000
UID4168	UID4000
UID4169	UID4000
UID4170	UID4000
UID4171	UID3959
UID4172	UID3959
UID4173	UID3959
UID4174	UID3959
UID4175	UID3959
UID4176	UID3959
UID4177	UID3959
UID4178	UID3959
UID4179	UID3959
UID4180	UID3959
UID4181	UID3887
UID4182	UID3887
UID4183	UID3887
UID4184	UID3887
UID4185	UID3887
UID4186	UID3888
UID4187	UID3888
UID4188	UID3888
UID4189	UID3888
UID4190	UID3888
UID4191	UID3888
UID4192	UID3888
UID4193	UID3888
UID4194	UID3888
UID4195	UID3888
UID4196	UID3888
UID4197	UID3888
UID4198	UID3888
UID4199	UID3888
UID4200	UID3888
UID4201	UID4201
UID4202	UID4201
UID4203	UID4201
UID4204	UID4201
UID4205	UID4201
UID4206	UID4201
UID4207	UID4201
UID4208	UID4201
UID4209	UID4202
UID4210	UID4202
UID4211	UID4202
UID4212	UID4202
UID4213	UID4202
UID4214	UID4214
UID4215	UID4214
UID4216	UID4214
UID4217	UID4214
UID4218	UID4214
UID4219	UID4214
UID4220	UID4214
UID4221	UID4214
UID4222	UID4214
UID4223	UID4214
UID4224	UID4214
UID4225	UID4214
UID4226	UID4214
UID4227	UID4214
UID4228	UID4214
UID4229	UID4214
UID4230	UID4214
UID4231	UID4214
UID4232	UID4214
UID4233	UID4214
UID4234	UID4214
UID4235	UID4214
UID4236	UID4214
UID4237	UID4214
UID4238	UID4214
UID4239	UID4214
UID4240	UID4202
UID4241	UID4202
UID4242	UID4202
UID4243	UID4202
UID4244	UID4202
UID4245	UID4202
UID4246	UID4202
UID4247	UID4202
UID4248	UID4202
UID4249	UID4202
UID4250	UID4202
UID4251	UID4202
UID4252	UID4202
UID4253	UID4202
UID4254	UID4202
UID4255	UID4202
UID4256	UID4202
UID4257	UID4202
UID4258	UID4202
UID4259	UID4202
UID4260	UID4202
UID4261	UID4202
UID4262	UID4202
UID4263	UID4214
UID4264	UID4214
UID4265	UID4214
UID4266	UID4201
UID4267	UID4267
UID4268	UID4267
UID4269	UID4267
UID4270	UID4267
UID4271	UID4267
UID4272	UID4267
UID4273	UID4267
UID4274	UID4267
UID4275	UID4274
UID4276	UID4274
UID4277	UID4274
UID4278	UID4274
UID4279	UID4274
UID4280	UID4274
UID4281	UID4274
UID4282	UID4274
UID4283	UID4274
UID4284	UID4274
UID4285	UID4274
UID4286	UID4274
UID4287	UID4274
UID4288	UID4274
UID4289	UID4274
UID4290	UID4274
UID4291	UID4274
UID4292	UID4274
UID4293	UID4274
UID4294	UID4274
UID4295	UID4274
UID4296	UID4274
UID4297	UID4274
UID4298	UID4274
UID4299	UID4274
UID4300	UID4274
UID4301	UID4274
UID4302	UID4274
UID4303	UID4267
UID4304	UID4267
UID4305	UID4274
UID4306	UID4274
UID4307	UID4274
UID4308	UID4274
UID4309	UID4307
UID4310	UID4307
UID4311	UID4307
UID4312	UID4307
UID4313	UID4307
UID4314	UID4307
UID4315	UID4307
UID4316	UID4307
UID4317	UID4307
UID4318	UID4307
UID4319	UID4307
UID4320	UID4307
UID4321	UID4307
UID4322	UID4307
UID4323	UID4309
UID4324	UID4309
UID4325	UID4309
UID4326	UID4309
UID4327	UID4309
UID4328	UID4309
UID4329	UID4309
UID4330	UID4309
UID4331	UID4309
UID4332	UID4309
UID4333	UID4307
UID4334	UID4307
UID4335	UID4307
UID4336	UID4307
UID4337	UID4307
UID4338	UID4307
UID4339	UID4307
UID4340	UID4320
UID4341	UID4320
UID4342	UID4320
UID4343	UID4320
UID4344	UID4320
UID4345	UID4320
UID4346	UID4340
UID4347	UID4340
UID4348	UID4340
UID4349	UID4340
UID4350	UID4340
UID4351	UID4340
UID4352	UID4340
UID4353	UID4340
UID4354	UID4320
UID4355	UID4320
UID4356	UID4320
UID4357	UID4320
UID4358	UID4320
UID4359	UID4320
UID4360	UID4320
UID4361	UID4320
UID4362	UID4320
UID4363	UID4274
UID4364	UID4274
UID4365	UID4274
UID4366	UID4274
UID4367	UID4274
UID4368	UID4274
UID4369	UID4274
UID4370	UID4274
UID4371	UID4267
UID4372	UID4267
UID4373	UID4267
UID4374	UID3880
UID4375	UID3880
UID4376	UID3880
UID4377	UID3880
UID4378	UID3880
UID4379	UID3880
UID4380	UID3880
UID4381	UID3880
UID4382	UID3880
UID4383	UID3880
UID4384	UID3880
UID4385	UID3880
UID4386	UID3880
UID4387	UID3887
UID4388	UID4201
UID4389	UID4266
UID4390	UID4266
UID4391	UID4266
UID4392	UID4266
UID4393	UID4266
UID4394	UID4266
UID4395	UID4266
UID4396	UID4388
UID4397	UID4388
UID4398	UID4388
UID4399	UID4388
UID4400	UID4388
UID4401	UID4388
UID4402	UID4388
UID4403	UID4388
UID4404	UID4388
UID4405	UID4388
UID4406	UID4388
UID4407	UID4388
UID4408	UID4388
UID4409	UID4266
UID4410	UID4201
UID4411	UID4410
UID4412	UID4410
UID4413	UID4410
UID4414	UID4410
UID4415	UID4410
UID4416	UID4410
UID4417	UID4410
UID4418	UID4410
UID4419	UID4410
UID4420	UID4410
UID4421	UID4410
UID4422	UID4410
UID4423	UID4410
UID4424	UID4410
UID4425	UID4410
UID4426	UID4410
UID4427	UID4410
UID4428	UID4410
UID4429	UID4410
UID4430	UID4410
UID4431	UID4410
UID4432	UID4410
UID4433	UID4410
UID4434	UID4410
UID4435	UID4410
UID4436	UID4410
UID4437	UID4410
UID4438	UID4410
UID4439	UID4410
UID4440	UID4410
UID4441	UID4410
UID4442	UID4442
UID4443	UID4201
UID4444	UID4443
UID4445	UID4444
UID4446	UID4444
UID4447	UID4444
UID4448	UID4444
UID4449	UID4444
UID4450	UID4444
UID4451	UID4444
UID4452	UID4444
UID4453	UID4444
UID4454	UID4444
UID4455	UID4444
UID4456	UID4444
UID4457	UID4444
UID4458	UID4444
UID4459	UID4444
UID4460	UID4444
UID4461	UID4444
UID4462	UID4444
UID4463	UID4444
UID4464	UID4444
UID4465	UID4444
UID4466	UID4444
UID4467	UID4444
UID4468	UID4444
UID4469	UID4444
UID4470	UID4444
UID4471	UID4444
UID4472	UID4444
UID4473	UID4444
UID4474	UID4444
UID4475	UID4444
UID4476	UID4444
UID4477	UID4444
UID4478	UID4446
UID4479	UID4446
UID4480	UID4446
UID4481	UID4446
UID4482	UID4446
UID4483	UID4446
UID4484	UID4446
UID4485	UID4446
UID4486	UID4446
UID4487	UID4446
UID4488	UID4444
UID4489	UID4444
UID4490	UID4488
UID4491	UID4445
UID4492	UID4445
UID4493	UID4445
UID4494	UID4445
UID4495	UID4445
UID4496	UID4445
UID4497	UID4445
UID4498	UID4445
UID4499	UID4445
UID4500	UID4445
UID4501	UID4445
UID4502	UID4445
UID4503	UID4445
UID4504	UID4445
UID4505	UID4445
UID4506	UID4445
UID4507	UID4445
UID4508	UID4445
UID4509	UID4488
UID4510	UID4488
UID4511	UID4488
UID4512	UID4488
UID4513	UID4488
UID4514	UID4488
UID4515	UID4488
UID4516	UID4488
UID4517	UID4488
UID4518	UID4488
UID4519	UID4488
UID4520	UID4488
UID4521	UID4488
UID4522	UID4488
UID4523	UID4488
UID4524	UID4488
UID4525	UID4488
UID4526	UID4490
UID4527	UID4490
UID4528	UID4490
UID4529	UID4490
UID4530	UID4490
UID4531	UID4490
UID4532	UID4490
UID4533	UID4490
UID4534	UID4526
UID4535	UID4525
UID4536	UID4525
UID4537	UID4534
UID4538	UID4534
UID4539	UID4525
UID4540	UID4525
UID4541	UID4525
UID4542	UID4525
UID4543	UID4525
UID4544	UID4525
UID4545	UID4525
UID4546	UID4526
UID4547	UID4526
UID4548	UID4526
UID4549	UID4488
UID4550	UID4488
UID4551	UID4488
UID4552	UID4488
UID4553	UID4488
UID4554	UID4488
UID4555	UID4488
UID4556	UID4488
UID4557	UID4488
UID4558	UID4488
UID4559	UID4488
UID4560	UID4488
UID4561	UID4488
UID4562	UID4488
UID4563	UID4488
UID4564	UID4488
UID4565	UID4488
UID4566	UID4488
UID4567	UID4488
UID4568	UID4488
UID4569	UID4488
UID4570	UID4488
UID4571	UID4488
UID4572	UID4488
UID4573	UID4488
UID4574	UID4488
UID4575	UID4488
UID4576	UID4550
UID4577	UID4550
UID4578	UID4550
UID4579	UID4550
UID4580	UID4550
UID4581	UID4550
UID4582	UID4550
UID4583	UID4488
UID4584	UID4488
UID4585	UID4488
UID4586	UID4488
UID4587	UID4550
UID4588	UID4576
UID4589	UID4576
UID4590	UID4576
UID4591	UID4576
UID4592	UID4576
UID4593	UID4576
UID4594	UID4576
UID4595	UID4576
UID4596	UID4576
UID4597	UID4576
UID4598	UID4576
UID4599	UID4550
UID4600	UID4550
UID4601	UID4550
UID4602	UID4550
UID4603	UID4550
UID4604	UID4550
UID4605	UID4550
UID4606	UID4550
UID4607	UID4550
UID4608	UID4550
UID4609	UID4550
UID4610	UID4550
UID4611	UID4550
UID4612	UID4550
UID4613	UID4490
UID4614	UID4490
UID4615	UID4490
UID4616	UID4490
UID4617	UID4490
UID4618	UID4490
UID4619	UID4490
UID4620	UID4490
UID4621	UID4488
UID4622	UID4488
UID4623	UID4488
UID4624	UID4488
UID4625	UID4488
UID4626	UID4488
UID4627	UID4488
UID4628	UID4488
UID4629	UID4488
UID4630	UID4488
UID4631	UID4488
UID4632	UID4488
UID4633	UID4488
UID4634	UID4488
UID4635	UID4488
UID4636	UID4488
UID4637	UID4488
UID4638	UID4488
UID4639	UID4488
UID4640	UID4488
UID4641	UID4443
UID4642	UID4443
UID4643	UID4444
UID4644	UID4444
UID4645	UID4444
UID4646	UID4444
UID4647	UID4444
UID4648	UID4444
UID4649	UID4444
UID4650	UID4444
UID4651	UID4444
UID4652	UID4444
UID4653	UID4444
UID4654	UID4443
UID4655	UID4444
UID4656	UID4444
UID4657	UID4444
UID4658	UID4444
UID4659	UID4444
UID4660	UID4444
UID4661	UID4444
UID4662	UID4444
UID4663	UID4444
UID4664	UID4444
UID4665	UID4444
UID4666	UID4444
UID4667	UID4444
UID4668	UID4444
UID4669	UID4444
UID4670	UID4444
UID4671	UID4444
UID4672	UID4444
UID4673	UID4444
UID4674	UID4443
UID4675	UID4443
UID4676	UID4443
UID4677	UID4443
UID4678	UID4443
UID4679	UID4443
UID4680	UID4443
UID4681	UID4201
UID4682	UID4201
UID4683	UID4680
UID4684	UID4680
UID4685	UID4680
UID4686	UID4680
UID4687	UID4680
UID4688	UID4680
UID4689	UID4685
UID4690	UID4685
UID4691	UID4685
UID4692	UID4685
UID4693	UID4685
UID4694	UID4685
UID4695	UID4685
UID4696	UID4685
UID4697	UID4680
UID4698	UID4680
UID4699	UID4680
UID4700	UID4680
UID4701	UID4680
UID4702	UID4680
UID4703	UID4680
UID4704	UID4680
UID4705	UID4680
UID4706	UID4680
UID4707	UID4680
UID4708	UID4680
UID4709	UID4680
UID4710	UID4680
UID4711	UID4680
UID4712	UID4680
UID4713	UID4680
UID4714	UID4680
UID4715	UID4680
UID4716	UID4680
UID4717	UID4680
UID4718	UID4680
UID4719	UID4680
UID4720	UID4680
UID4721	UID4680
UID4722	UID4680
UID4723	UID4680
UID4724	UID4680
UID4725	UID4680
UID4726	UID4680
UID4727	UID4680
UID4728	UID4680
UID4729	UID4680
UID4730	UID4680
UID4731	UID4680
UID4732	UID4680
UID4733	UID4680
UID4734	UID4680
UID4735	UID4680
UID4736	UID4201
UID4737	UID4201
UID4738	UID4679
UID4739	UID4679
UID4740	UID4679
UID4741	UID4679
UID4742	UID4679
UID4743	UID4679
UID4744	UID4679
UID4745	UID4679
UID4746	UID4679
UID4747	UID4679
UID4748	UID4679
UID4749	UID4679
UID4750	UID4679
UID4751	UID4679
UID4752	UID4442
UID4753	UID4442
UID4754	UID4201
UID4755	UID4201
UID4756	UID4201
UID4757	UID4201
UID4758	UID4201
UID4759	UID4201
UID4760	UID4442
UID4761	UID4761
UID4762	UID4761
UID4763	UID4761
UID4764	UID4761
UID4765	UID4761
UID4766	UID4761
UID4767	UID4761
UID4768	UID4761
UID4769	UID4761
UID4770	UID4761
UID4771	UID4761
UID4772	UID4761
UID4773	UID4761
UID4774	UID4761
UID4775	UID4761
UID4776	UID4761
UID4777	UID4761
UID4778	UID4761
UID4779	UID4761
UID4780	UID4761
UID4781	UID4761
UID4782	UID4761
UID4783	UID4761
UID4784	UID4761
UID4785	UID4761
UID4786	UID4761
UID4787	UID4761
UID4788	UID4761
UID4789	UID4761
UID4790	UID4761
UID4791	UID4761
UID4792	UID4787
UID4793	UID4787
UID4794	UID4787
UID4795	UID4787
UID4796	UID4787
UID4797	UID4787
UID4798	UID4787
UID4799	UID4787
UID4800	UID4787
UID4801	UID4787
UID4802	UID4787
UID4803	UID4787
UID4804	UID4787
UID4805	UID4787
UID4806	UID4761
UID4807	UID4761
UID4808	UID4761
UID4809	UID4761
UID4810	UID4761
UID4811	UID4442
UID4812	UID4442
UID4813	UID4442
UID4814	UID4442
UID4815	UID4442
UID4816	UID4442
UID4817	UID4442
UID4818	UID4442
UID4819	UID4442
UID4820	UID4442
UID4821	UID4442
UID4822	UID4442
UID4823	UID4442
UID4824	UID4442
UID4825	UID4442
UID4826	UID4754
UID4827	UID4754
UID4828	UID4754
UID4829	UID4754
UID4830	UID4754
UID4831	UID4754
UID4832	UID4754
UID4833	UID4754
UID4834	UID4754
UID4835	UID4754
UID4836	UID4442
UID4837	UID4442
UID4838	UID4442
UID4839	UID4442
UID4840	UID4837
UID4841	UID4837
UID4842	UID4837
UID4843	UID4837
UID4844	UID4837
UID4845	UID4837
UID4846	UID4837
UID4847	UID4837
UID4848	UID4837
UID4849	UID4837
UID4850	UID4838
UID4851	UID4838
UID4852	UID4838
UID4853	UID4838
UID4854	UID4838
UID4855	UID4838
UID4856	UID4838
UID4857	UID4838
UID4858	UID4838
UID4859	UID4838
UID4860	UID4838
UID4861	UID4442
UID4862	UID4442
UID4863	UID4442
UID4864	UID4442
UID4865	UID4442
UID4866	UID4442
UID4867	UID4442
UID4868	UID4865
UID4869	UID4865
UID4870	UID4865
UID4871	UID4865
UID4872	UID4865
UID4873	UID4865
UID4874	UID4865
UID4875	UID4865
UID4876	UID4865
UID4877	UID4865
UID4878	UID4868
UID4879	UID4874
UID4880	UID4874
UID4881	UID4874
UID4882	UID4874
UID4883	UID4874
UID4884	UID4874
UID4885	UID4874
UID4886	UID4874
UID4887	UID4874
UID4888	UID4874
UID4889	UID4865
UID4890	UID4865
UID4891	UID4865
UID4892	UID4865
UID4893	UID4865
UID4894	UID4865
UID4895	UID4865
UID4896	UID4865
UID4897	UID4865
UID4898	UID4865
UID4899	UID4865
UID4900	UID4865
UID4901	UID4865
UID4902	UID4865
UID4903	UID4865
UID4904	UID4865
UID4905	UID4865
UID4906	UID4865
UID4907	UID4865
UID4908	UID4865
UID4909	UID4868
UID4910	UID4868
UID4911	UID4868
UID4912	UID4878
UID4913	UID4878
UID4914	UID4878
UID4915	UID4878
UID4916	UID4878
UID4917	UID4878
UID4918	UID4878
UID4919	UID4878
UID4920	UID4878
UID4921	UID4878
UID4922	UID4878
UID4923	UID4878
UID4924	UID4878
UID4925	UID4878
UID4926	UID4878
UID4927	UID4878
UID4928	UID4878
UID4929	UID4878
UID4930	UID4868
UID4931	UID4387
UID4932	UID4387
UID4933	UID4387
UID4934	UID4387
UID4935	UID4387
UID4936	UID4387
UID4937	UID4932
UID4938	UID4932
UID4939	UID4932
UID4940	UID4932
UID4941	UID4932
UID4942	UID4932
UID4943	UID4932
UID4944	UID4932
UID4945	UID4932
UID4946	UID4932
UID4947	UID4932
UID4948	UID4932
UID4949	UID4932
UID4950	UID4932
UID4951	UID4932
UID4952	UID4932
UID4953	UID4932
UID4954	UID4932
UID4955	UID4932
UID4956	UID4932
UID4957	UID4932
UID4958	UID4932
UID4959	UID4932
UID4960	UID4932
UID4961	UID4932
UID4962	UID4932
UID4963	UID4932
UID4964	UID4932
UID4965	UID4932
UID4966	UID4932
UID4967	UID4932
UID4968	UID4933
UID4969	UID4933
UID4970	UID4933
UID4971	UID4933
UID4972	UID4933
UID4973	UID4933
UID4974	UID4932
UID4975	UID4932
UID4976	UID4932
UID4977	UID4932
UID4978	UID4932
UID4979	UID4932
UID4980	UID4932
UID4981	UID4932
UID4982	UID4932
UID4983	UID4932
UID4984	UID4932
UID4985	UID4932
UID4986	UID4932
UID4987	UID4932
UID4988	UID4932
UID4989	UID4932
UID4990	UID4932
UID4991	UID4932
UID4992	UID4932
UID4993	UID4932
UID4994	UID4932
UID4995	UID4932
UID4996	UID4932
UID4997	UID4932
UID4998	UID4935
UID4999	UID4935
UID5000	UID4935
UID5001	UID4935
UID5002	UID4935
UID5003	UID4935
UID5004	UID4935
UID5005	UID4935
UID5006	UID4935
UID5007	UID4935
UID5008	UID4935
UID5009	UID4935
UID5010	UID4935
UID5011	UID4932
UID5012	UID4932
UID5013	UID4387
UID5014	UID4387
UID5015	UID4387
UID5016	UID4442
UID5017	UID4442
UID5018	UID4442
UID5019	UID4442
UID5020	UID4442
UID5021	UID4442
UID5022	UID4442
UID5023	UID4442
UID5024	UID4442
UID5025	UID4442
UID5026	UID4442
UID5027	UID4442
UID5028	UID4442
UID5029	UID4442
UID5030	UID4442
UID5031	UID4442
UID5032	UID4442
UID5033	UID4442
UID5034	UID4442
UID5035	UID2495
UID5036	UID2495
UID5037	UID2495
UID5038	UID2495
UID5039	UID2495
UID5040	UID2495
UID5041	UID2495
UID5042	UID2495
UID5043	UID2495
UID5044	UID2495
UID5045	UID2495
UID5046	UID2495
UID5047	UID2495
UID5048	UID2495
UID5049	UID2495
UID5050	UID2495
UID5051	UID2495
UID5052	UID2495
UID5053	UID2495
UID5054	UID5054
UID5055	UID5054
UID5056	UID5054
UID5057	UID5054
UID5058	UID5054
UID5059	UID5054
UID5060	UID5054
UID5061	UID5054
UID5062	UID5054
UID5063	UID5054
UID5064	UID5054
UID5065	UID5054
UID5066	UID5054
UID5067	UID5054
UID5068	UID5066
UID5069	UID5066
UID5070	UID5066
UID5071	UID5065
UID5072	UID5065
UID5073	UID5065
UID5074	UID5070
UID5075	UID5070
UID5076	UID5070
UID5077	UID5070
UID5078	UID5070
UID5079	UID5070
UID5080	UID5065
UID5081	UID5065
UID5082	UID5065
UID5083	UID5065
UID5084	UID5065
UID5085	UID5065
UID5086	UID5065
UID5087	UID5065
UID5088	UID5065
UID5089	UID5066
UID5090	UID5066
UID5091	UID5066
UID5092	UID5066
UID5093	UID5066
UID5094	UID5066
UID5095	UID5066
UID5096	UID5066
UID5097	UID5066
UID5098	UID5066
UID5099	UID5054
UID5100	UID5054
UID5101	UID5054
UID5102	UID5054
UID5103	UID5054
UID5104	UID5054
UID5105	UID5054
UID5106	UID5054
UID5107	UID5054
UID5108	UID5054
UID5109	UID5054
UID5110	UID5054
UID5111	UID5054
UID5112	UID5054
UID5113	UID5054
UID5114	UID5054
UID5115	UID5054
UID5116	UID5054
UID5117	UID5054
UID5118	UID5054
UID5119	UID5054
UID5120	UID5054
UID5121	UID5054
UID5122	UID5054
UID5123	UID5054
UID5124	UID5121
UID5125	UID5121
UID5126	UID5121
UID5127	UID5121
UID5128	UID5121
UID5129	UID5121
UID5130	UID5124
UID5131	UID5124
UID5132	UID5124
UID5133	UID5124
UID5134	UID5124
UID5135	UID5124
UID5136	UID5124
UID5137	UID5124
UID5138	UID5124
UID5139	UID5103
UID5140	UID5121
UID5141	UID5121
UID5142	UID5121
UID5143	UID5121
UID5144	UID5121
UID5145	UID5121
UID5146	UID5121
UID5147	UID5121
UID5148	UID5140
UID5149	UID5140
UID5150	UID5140
UID5151	UID5140
UID5152	UID5140
UID5153	UID5140
UID5154	UID5121
UID5155	UID5121
UID5156	UID5121
UID5157	UID5121
UID5158	UID5121
UID5159	UID5121
UID5160	UID5121
UID5161	UID5121
UID5162	UID5124
UID5163	UID5124
UID5164	UID5124
UID5165	UID5124
UID5166	UID5124
UID5167	UID5124
UID5168	UID5124
UID5169	UID5139
UID5170	UID5139
UID5171	UID5139
UID5172	UID5139
UID5173	UID5139
UID5174	UID5139
UID5175	UID5139
UID5176	UID5139
UID5177	UID5139
UID5178	UID5139
UID5179	UID5139
UID5180	UID5139
UID5181	UID5139
UID5182	UID5139
UID5183	UID5139
UID5184	UID5139
UID5185	UID5124
UID5186	UID5124
UID5187	UID5124
UID5188	UID5124
UID5189	UID5124
UID5190	UID5124
UID5191	UID5124
UID5192	UID5124
UID5193	UID5124
UID5194	UID5124
UID5195	UID5124
UID5196	UID5124
UID5197	UID5124
UID5198	UID5124
UID5199	UID5124
UID5200	UID5124
UID5201	UID5124
UID5202	UID5124
UID5203	UID5162
UID5204	UID5162
UID5205	UID5162
UID5206	UID5162
UID5207	UID5167
UID5208	UID5167
UID5209	UID5167
UID5210	UID5167
UID5211	UID5167
UID5212	UID5124
UID5213	UID5207
UID5214	UID5207
UID5215	UID5207
UID5216	UID5207
UID5217	UID5207
UID5218	UID5207
UID5219	UID5207
UID5220	UID5207
UID5221	UID5203
UID5222	UID5203
UID5223	UID5203
UID5224	UID5203
UID5225	UID5203
UID5226	UID5203
UID5227	UID5203
UID5228	UID5203
UID5229	UID5203
UID5230	UID5203
UID5231	UID5203
UID5232	UID5203
UID5233	UID5203
UID5234	UID5124
UID5235	UID5124
UID5236	UID5124
UID5237	UID5124
UID5238	UID5124
UID5239	UID5124
UID5240	UID5124
UID5241	UID5124
